Brand Name,Product Name,Price,Return/Exchange,Expected Delivery,Availability,Product URL
Kadence,"Kadence rosewood Guitar Frontier Series, Electric Acoustic Black Guitar With EQ, Die Cast Keys, Set Of Strings, Strap, Picks And Bag (Black EQ, Electric Acoustic)","₹4,999",7 days Replacement,"FREE delivery Thursday, 5 October. Details
Or fastest delivery Wednesday, 4 October. Order within 6 hrs 42 mins. Details",In stock,https://www.amazon.in/sspa/click?ie=UTF8&spc=MToxMzE5Njg0NDQyNDIzNjM5OjE2OTYyNDcxNzM6c3BfYXRmOjMwMDAxNTUzNzk3OTIzMjo6MDo6&url=%2FKadence-Frontier-Acoustic-Guitar-Strings%2Fdp%2FB078GTJP5Y%2Fref%3Dsr_1_1_sspa%3Fcrid%3D275XQA48GYQN9%26keywords%3Dguitar%26qid%3D1696247173%26sprefix%3Dguitar%252Caps%252C207%26sr%3D8-1-spons%26sp_csd%3Dd2lkZ2V0TmFtZT1zcF9hdGY%26psc%3D1
Kadence,"Kadence Frontier guitar with Online Guitar learning course , Wine Red Acoustic Guitar with Die Cast Keys, Set of Strings, Strap, Picks and Bag (Wine Red, Acoustic)","₹4,299",7 days Replacement,"FREE delivery Thursday, 5 October. Details
Or fastest delivery Wednesday, 4 October. Order within 6 hrs 42 mins. Details",In stock,https://www.amazon.in/sspa/click?ie=UTF8&spc=MToxMzE5Njg0NDQyNDIzNjM5OjE2OTYyNDcxNzM6c3BfYXRmOjIwMDk2NjA4NzUwNDk4OjowOjo&url=%2FKadence-Frontier-Acoustic-Guitar-Strings%2Fdp%2FB01GDZ46AA%2Fref%3Dsr_1_2_sspa%3Fcrid%3D275XQA48GYQN9%26keywords%3Dguitar%26qid%3D1696247173%26sprefix%3Dguitar%252Caps%252C207%26sr%3D8-2-spons%26sp_csd%3Dd2lkZ2V0TmFtZT1zcF9hdGY%26psc%3D1
Revel,"Revel Acoustic Guitar with Carry bag and Plectrums. Beginner and Learners standard size configuration (Blue),Full,RVL-38C-LGP-BLS","₹1,999",7 days Replacement,"FREE delivery Sunday, 8 October. Details",In stock,https://www.amazon.in/sspa/click?ie=UTF8&spc=MToxMzE5Njg0NDQyNDIzNjM5OjE2OTYyNDcxNzM6c3BfYXRmOjMwMDA1MTU4ODUxNjAzMjo6MDo6&url=%2FRevel-RVL-38C-LGP-BLS-Linden-Acoustic-Guitar%2Fdp%2FB085HWKDCY%2Fref%3Dsr_1_3_sspa%3Fcrid%3D275XQA48GYQN9%26keywords%3Dguitar%26qid%3D1696247173%26sprefix%3Dguitar%252Caps%252C207%26sr%3D8-3-spons%26sp_csd%3Dd2lkZ2V0TmFtZT1zcF9hdGY%26psc%3D1
“ALL,"“ALL WOODEN” 38” INCH ""DOLPHIN"" Guitar Combo Pack For Beginner Adults Childs Starter Bundle Kit,Dual Action Truss Rod, Gigbag, Picks, String Set, String Winder,Strap,Matt RED SUNBRUST","₹2,950",7 days Returnable,"FREE delivery Wednesday, 11 October. Order within 20 hrs 26 mins. Details",In stock,https://www.amazon.in/sspa/click?ie=UTF8&spc=MToxMzE5Njg0NDQyNDIzNjM5OjE2OTYyNDcxNzM6c3BfYXRmOjMwMDA2NTYzMDkyNTkzMjo6MDo6&url=%2FWOODEN-DOLPHIN-Beginner-Starter-SUNBRUST%2Fdp%2FB0CK4QJPX9%2Fref%3Dsr_1_4_sspa%3Fcrid%3D275XQA48GYQN9%26keywords%3Dguitar%26qid%3D1696247173%26sprefix%3Dguitar%252Caps%252C207%26sr%3D8-4-spons%26sp_csd%3Dd2lkZ2V0TmFtZT1zcF9hdGY%26psc%3D1
Juârez,"Juârez Acoustic Guitar, 38 Inch Cutaway, 038C with Bag, Strings, Pick and Strap, Black","₹1,999",7 days Replacement,"FREE delivery Saturday, 7 October. Details
Or fastest delivery Thursday, 5 October. Order within 23 hrs 26 mins. Details",In stock,https://www.amazon.in/Juarez-Acoustic-Cutaway-038C-Strings/dp/B017NPCSLI/ref=sr_1_5?crid=275XQA48GYQN9&keywords=guitar&qid=1696247173&sprefix=guitar%2Caps%2C207&sr=8-5
Kadence,"Kadence Frontier guitar with Online Guitar learning course , Wine Red Acoustic Guitar with Die Cast Keys, Set of Strings, Strap, Picks and Bag (Wine Red, Acoustic)","₹4,299",7 days Replacement,"FREE delivery Thursday, 5 October. Details
Or fastest delivery Wednesday, 4 October. Order within 6 hrs 41 mins. Details",In stock,https://www.amazon.in/Kadence-Frontier-Acoustic-Guitar-Strings/dp/B01GDZ46AA/ref=sr_1_6?crid=275XQA48GYQN9&keywords=guitar&qid=1696247173&sprefix=guitar%2Caps%2C207&sr=8-6
Intern,"Intern INT-38C Right hand Acoustic Guitar Kit, With Bag, Strings, Pick And Strap, Black, small","₹1,999",7 days Replacement,"FREE delivery Friday, 6 October. Details
Or fastest delivery Thursday, 5 October. Order within 23 hrs 25 mins. Details",In stock,https://www.amazon.in/Intern-INT-38C-Acoustic-Guitar-Black/dp/B073B6TQQY/ref=sr_1_7?crid=275XQA48GYQN9&keywords=guitar&qid=1696247173&sprefix=guitar%2Caps%2C207&sr=8-7
Yamaha,"Yamaha F280 Acoustic Rosewood Guitar (Natural, Beige)","₹7,590",7 days Replacement,"FREE delivery Thursday, 5 October. Details
Or fastest delivery Wednesday, 4 October. Order within 6 hrs 40 mins. Details",Only 2 left in stock,https://www.amazon.in/Yamaha-F280-Acoustic-Guitar-Natural/dp/B08317Y4VP/ref=sr_1_8?crid=275XQA48GYQN9&keywords=guitar&qid=1696247173&sprefix=guitar%2Caps%2C207&sr=8-8
Intern,"Intern INT-38C-SB Linden Wood Cutaway Right Handed Acoustic Guitar Kit, With Bag, Strings, Pick And Strap (Sunburst, 6 Strings)","₹2,349",7 days Replacement,"FREE delivery Friday, 6 October. Details
Or fastest delivery Thursday, 5 October. Order within 23 hrs 25 mins. Details",In stock,https://www.amazon.in/Intern-INT-38C-Acoustic-Guitar-Sunburst/dp/B073B5MJRM/ref=sr_1_9?crid=275XQA48GYQN9&keywords=guitar&qid=1696247173&sprefix=guitar%2Caps%2C207&sr=8-9
Intern,Intern INT-38C Acoustic Guitar Kit (Blue),"₹2,299",7 days Replacement,"FREE delivery Saturday, 7 October. Details",In stock,https://www.amazon.in/Intern-INT-38C-Acoustic-Guitar-Blue/dp/B073B5RZBV/ref=sr_1_10?crid=275XQA48GYQN9&keywords=guitar&qid=1696247173&sprefix=guitar%2Caps%2C207&sr=8-10
Juarez,"Juarez Lindenwood Acoustic Guitar Kit, 38 Inches Cutaway, 38C With Bag, Strings, Pick And Strap, 3TS Sunburst","₹1,764",7 days Replacement,"FREE delivery Saturday, 7 October. Details
Or fastest delivery Thursday, 5 October. Order within 23 hrs 24 mins. Details",In stock,https://www.amazon.in/JUAREZ-JRZ38C-Acoustic-Sunburst-Strings/dp/B01FYYTDTU/ref=sr_1_11?crid=275XQA48GYQN9&keywords=guitar&qid=1696247173&sprefix=guitar%2Caps%2C207&sr=8-11
Yamaha,Yamaha 22.8 Inches Merantiwood Classical Guitar C40//02 (Brown),"₹7,754",7 days Replacement,"FREE delivery Thursday, 5 October. Details
Or fastest delivery Wednesday, 4 October. Order within 6 hrs 39 mins. Details",In stock,https://www.amazon.in/Yamaha-Classical-Guitar-C40-02/dp/B003UGCUFE/ref=sr_1_12?crid=275XQA48GYQN9&keywords=guitar&qid=1696247173&sprefix=guitar%2Caps%2C207&sr=8-12
Henrix,"Henrix 38C 38 Inch Cutaway Acoustic Guitar With Dual Action Truss Rod, Gigbag, Picks, String Set, String Winder, Strap, Polishing Cloth & Ebook - Black","₹2,999",7 days Replacement,"FREE delivery Wednesday, 4 October. Order within 6 hrs 38 mins. Details",In stock,https://www.amazon.in/Henrix-Acoustic-Guitar-Die-cast-Dual-action/dp/B07VNDW6QF/ref=sr_1_13?crid=275XQA48GYQN9&keywords=guitar&qid=1696247173&sprefix=guitar%2Caps%2C207&sr=8-13
Intern,"Intern INT-38C-BK-G Cutaway Right Handed Acoustic Guitar Kit, with Bag, Nickel Strings, Pick And Strap (Black) -6 Strings","₹1,999",7 days Replacement,"FREE delivery Wednesday, 4 October. Order within 6 hrs 38 mins. Details",In stock,https://www.amazon.in/Intern-INT-38C-BK-G-Guitar-Kit-Black/dp/B07K9497RC/ref=sr_1_14?crid=275XQA48GYQN9&keywords=guitar&qid=1696247173&sprefix=guitar%2Caps%2C207&sr=8-14
Juarez,"Juarez Lindenwood Acoustic Guitar Kit, 38 Inches Cutaway, 38C With Bag, Strings, Pick And Strap, TBS Transparent (Blue Sunburst)","₹1,999",7 days Replacement,"FREE delivery Saturday, 7 October. Details
Or fastest delivery Thursday, 5 October. Order within 23 hrs 23 mins. Details",In stock,https://www.amazon.in/JUAREZ-JRZ38C-Acoustic-Sunburst-Strings/dp/B01FYYTDS6/ref=sr_1_15?crid=275XQA48GYQN9&keywords=guitar&qid=1696247173&sprefix=guitar%2Caps%2C207&sr=8-15
Revel,Revel 38 Inches Lindenwood Cutaway Design Acoustic Guitar With Carry Bag And Plectrums. (sunburst),"₹1,899",7 days Replacement,"FREE delivery Wednesday, 4 October. Order within 6 hrs 38 mins. Details",In stock,https://www.amazon.in/Lindenwood-Cutaway-Acoustic-Plectrums-sunburst/dp/B085HV4YW7/ref=sr_1_16?crid=275XQA48GYQN9&keywords=guitar&qid=1696247173&sprefix=guitar%2Caps%2C207&sr=8-16
Yamaha,"Yamaha FS100C Acoustic Guitar, Black","₹9,739",7 days Replacement,"FREE delivery Wednesday, 4 October. Order within 6 hrs 37 mins. Details",In stock,https://www.amazon.in/Yamaha-FS-100C-6-String-Acoustic-without/dp/B00PAS9CK6/ref=sr_1_17?crid=275XQA48GYQN9&keywords=guitar&qid=1696247173&sprefix=guitar%2Caps%2C207&sr=8-17
Intern,"Intern 38C Acoustic Steel-string Guitar Premium White Cutaway Design with carry bag, strings, guitar strap and plectrums (INT-38C-WH)","₹2,099",7 days Replacement,"FREE delivery Friday, 6 October. Details
Or fastest delivery Thursday, 5 October. Order within 23 hrs 22 mins. Details",In stock,https://www.amazon.in/Intern-Acoustic-Steel-string-plectrums-INT-38C-WH/dp/B09LR94Z2X/ref=sr_1_18?crid=275XQA48GYQN9&keywords=guitar&qid=1696247173&sprefix=guitar%2Caps%2C207&sr=8-18
JUAREZ,"JUAREZ JRZ38C 38 Inches Lindenwood Right Handed Acoustic Guitar With Bag, Strings, Pick And Strap (Natural, Brown, 6 Strings)","₹2,069",7 days Replacement,"FREE delivery Saturday, 7 October. Details
Or fastest delivery Thursday, 5 October. Order within 23 hrs 22 mins. Details",In stock,https://www.amazon.in/JUAREZ-JRZ38C-Acoustic-Natural-Strings/dp/B01FYYTDWC/ref=sr_1_19?crid=275XQA48GYQN9&keywords=guitar&qid=1696247173&sprefix=guitar%2Caps%2C207&sr=8-19
JUAREZ,"JUAREZ JRZ-ST01, 6 Strings Linden Wood Electric Guitar, Right Handed with Bag/Case, 2 x Picks (3TS Sunburst)","₹5,749",7 days Replacement,"FREE delivery Friday, 6 October. Details
Or fastest delivery Thursday, 5 October. Order within 23 hrs 21 mins. Details",In stock,https://www.amazon.in/JRZ-ST01-6-String-Electric-Sunburst-Without/dp/B01FYZSOEE/ref=sr_1_20?crid=275XQA48GYQN9&keywords=guitar&qid=1696247173&sprefix=guitar%2Caps%2C207&sr=8-20
Kadence,"Kadence Slowhand Premium Jumbo Semi Acoustic Guitar with Heavy Padded Bag, guitar cable, Pro Capo (Black Spruce Wood)","₹11,999",7 days Replacement,"FREE delivery Wednesday, 4 October. Details
Or fastest delivery Tomorrow, 3 October. Order within 6 hrs 36 mins. Details",In stock,https://www.amazon.in/sspa/click?ie=UTF8&spc=MToxMzE5Njg0NDQyNDIzNjM5OjE2OTYyNDcxNzM6c3BfbXRmOjIwMDU3MzAzOTg2MjA0OjowOjo&url=%2FKadence-Slowhand-Premium-Acoustic-Instrument%2Fdp%2FB077SZ667X%2Fref%3Dsr_1_21_sspa%3Fcrid%3D275XQA48GYQN9%26keywords%3Dguitar%26qid%3D1696247173%26sprefix%3Dguitar%252Caps%252C207%26sr%3D8-21-spons%26sp_csd%3Dd2lkZ2V0TmFtZT1zcF9tdGY%26psc%3D1
PS,"PS Signature 41inch Acoustic Guitar (Natural Color) Free 1 set Strings, 3 Picks, Bag & Belt)","₹3,419",7 Day Warranty,"FREE delivery Saturday, 7 October. Order within 11 hrs 35 mins. Details",In stock,https://www.amazon.in/sspa/click?ie=UTF8&spc=MToxMzE5Njg0NDQyNDIzNjM5OjE2OTYyNDcxNzM6c3BfbXRmOjMwMDA2NTExNDY0MTUzMjo6MDo6&url=%2FPS-Signature-Acoustic-Natural-Strings%2Fdp%2FB0CFYS6Q7Q%2Fref%3Dsr_1_22_sspa%3Fcrid%3D275XQA48GYQN9%26keywords%3Dguitar%26qid%3D1696247173%26sprefix%3Dguitar%252Caps%252C207%26sr%3D8-22-spons%26sp_csd%3Dd2lkZ2V0TmFtZT1zcF9tdGY%26psc%3D1
DEVICE,DEVICE OF URBAN INFOTECH 40 inch Acoustic Guitar for Beginners Adults Premium Wood Curved Cutaway Design Acoustic Guitar Kit with Carrying Gig Bag Guitar for Adults Starters Students (Blue),"₹5,449",7 days Returnable,"FREE delivery Sunday, 8 October. Details",In stock,https://www.amazon.in/sspa/click?ie=UTF8&spc=MToxMzE5Njg0NDQyNDIzNjM5OjE2OTYyNDcxNzM6c3BfbXRmOjMwMDA0MTI2NzU0NDMzMjo6MDo6&url=%2FDEVICE-URBAN-INFOTECH-Acoustic-Beginners%2Fdp%2FB0CDS4YVKQ%2Fref%3Dsr_1_23_sspa%3Fcrid%3D275XQA48GYQN9%26keywords%3Dguitar%26qid%3D1696247173%26sprefix%3Dguitar%252Caps%252C207%26sr%3D8-23-spons%26sp_csd%3Dd2lkZ2V0TmFtZT1zcF9tdGY%26psc%3D1
PS,"PS Signature 41inch Acoustic Guitar Black Matte (Free 1 set Strings, 3 Picks, Bag & Belt)","₹3,295",7 Day Warranty,"FREE delivery Saturday, 7 October. Order within 11 hrs 35 mins. Details",In stock,https://www.amazon.in/sspa/click?ie=UTF8&spc=MToxMzE5Njg0NDQyNDIzNjM5OjE2OTYyNDcxNzM6c3BfbXRmOjMwMDA2NTExNDY0MTczMjo6MDo6&url=%2FPS-Signature-41inch-Acoustic-Strings%2Fdp%2FB0C43LH9QS%2Fref%3Dsr_1_24_sspa%3Fcrid%3D275XQA48GYQN9%26keywords%3Dguitar%26qid%3D1696247173%26sprefix%3Dguitar%252Caps%252C207%26sr%3D8-24-spons%26sp_csd%3Dd2lkZ2V0TmFtZT1zcF9tdGY%26psc%3D1
Yamaha,Yamaha FSX80C Semi acoustic cutaway guitar (natural),"₹12,729",7 days Replacement,"FREE delivery Thursday, 5 October. Details
Or fastest delivery Wednesday, 4 October. Order within 6 hrs 35 mins. Details",In stock,https://www.amazon.in/Yamaha-FSX80C-Acoustic-Cutaway-Natural/dp/B09HL3GFZF/ref=sr_1_25?crid=275XQA48GYQN9&keywords=guitar&qid=1696247173&sprefix=guitar%2Caps%2C207&sr=8-25
Kadence,"Kadence Frontier 34inch guitar for Kids, Travel Guitar for Adult Acoustic Guitar with Die Cast Keys, Set of Strings, Strap, Picks and Bag (Sunburst Guitar)","₹2,999",7 days Replacement,"FREE delivery Thursday, 5 October. Details
Or fastest delivery Wednesday, 4 October. Order within 6 hrs 34 mins. Details",Only 1 left in stock,https://www.amazon.in/Kadence-Professional-Guitar-Sunburst-Strings/dp/B07SXH9JKX/ref=sr_1_26?crid=275XQA48GYQN9&keywords=guitar&qid=1696247173&sprefix=guitar%2Caps%2C207&sr=8-26
Kadence,"Kadence Frontier Semi Acoustic Jumbo Guitar 41"" with Learning Course, Die cast keys with Super Combo (Bag,strap,strings,capo And 3 picks) (Black, Electric Acoustic)","₹6,899",7 days Replacement,"FREE delivery Wednesday, 4 October. Details
Or fastest delivery Tomorrow, 3 October. Order within 6 hrs 34 mins. Details",In stock,https://www.amazon.in/Kadence-Frontier-Acoustic-Guitar-Equalizer/dp/B01HRIHJWY/ref=sr_1_27?crid=275XQA48GYQN9&keywords=guitar&qid=1696247173&sprefix=guitar%2Caps%2C207&sr=8-27
Intern,Intern 38C Ebony Wood Cutaway Design Acoustic Guitar with Picks And Carry Bag (Black),"₹1,999",7 days Replacement,"FREE delivery Wednesday, 4 October. Order within 6 hrs 33 mins. Details",In stock,https://www.amazon.in/Intern-38-inch-Cutaway-Design-Acoustic/dp/B07X4PN85R/ref=sr_1_28?crid=275XQA48GYQN9&keywords=guitar&qid=1696247173&sprefix=guitar%2Caps%2C207&sr=8-28
Yamaha,"Yamaha F280 Acoustic Guitar, Tobacco Brown Sunburst","₹7,829",7 days Replacement,"FREE delivery Tuesday, 10 October. Details
Or fastest delivery Wednesday, 4 October. Order within 6 hrs 33 mins. Details",In stock,https://www.amazon.in/Yamaha-Acoustic-Guitar-Tobacco-Sunburst/dp/B08VXR74Q2/ref=sr_1_29?crid=275XQA48GYQN9&keywords=guitar&qid=1696247173&sprefix=guitar%2Caps%2C207&sr=8-29
Yamaha,Yamaha FS80C 25 Incheses sprucewood The Ultimate Concert Body Cutaway Acoustic Guitar (Black) With Bajaao Gig-Bag,"₹8,319",Top Brand,"FREE delivery Wednesday, 4 October. Order within 6 hrs 32 mins. Details",In stock,https://www.amazon.in/Ultimate-Concert-Cutaway-Acoustic-Bajaao/dp/B08WHWKKV5/ref=sr_1_30?crid=275XQA48GYQN9&keywords=guitar&qid=1696247173&sprefix=guitar%2Caps%2C207&sr=8-30
YAMAHA,YAMAHA FS80C BLACK CONCERT CUTAWAY GUITAR,"₹4,999",7 days Replacement,"FREE delivery Thursday, 5 October. Details
Or fastest delivery Wednesday, 4 October. Order within 6 hrs 32 mins. Details",In stock,https://www.amazon.in/YAMAHA-FS80C-CONCERT-CUTAWAY-GUITAR/dp/B08WBBVMVJ/ref=sr_1_31?crid=275XQA48GYQN9&keywords=guitar&qid=1696247173&sprefix=guitar%2Caps%2C207&sr=8-31
Kadence,"Kadence rosewood Guitar Frontier Series, Electric Acoustic Black Guitar With EQ, Die Cast Keys, Set Of Strings, Strap, Picks And Bag (Black EQ, Electric Acoustic)","₹1,290",7 days Replacement,"FREE delivery Sunday, 8 October. Order within 19 hrs 17 mins. Details",In stock,https://www.amazon.in/Kadence-Frontier-Acoustic-Guitar-Strings/dp/B078GTJP5Y/ref=sr_1_32?crid=275XQA48GYQN9&keywords=guitar&qid=1696247173&sprefix=guitar%2Caps%2C207&sr=8-32
Tagima,Tagima Junior 30 Inch Acoustic Guitar for Kids RED,"₹9,322",Warranty Policy,"FREE delivery Thursday, 5 October. Details
Or fastest delivery Wednesday, 4 October. Order within 6 hrs 31 mins. Details",In stock,https://www.amazon.in/Tagima-Junior-Inch-Acoustic-Guitar/dp/B0BTBWJTGH/ref=sr_1_33?crid=275XQA48GYQN9&keywords=guitar&qid=1696247173&sprefix=guitar%2Caps%2C207&sr=8-33
YAMAHA,"YAMAHA F310, 6-Strings Rose Wood Acoustic Guitar, Natural","₹2,099",7 days Replacement,"FREE delivery Friday, 6 October. Details
Or fastest delivery Thursday, 5 October. Order within 23 hrs 16 mins. Details",In stock,https://www.amazon.in/Yamaha-F310-6-Strings-Acoustic-Natural/dp/B000RVYW7E/ref=sr_1_34?crid=275XQA48GYQN9&keywords=guitar&qid=1696247173&sprefix=guitar%2Caps%2C207&sr=8-34
Intern,Intern INT-38C Acoustic Guitar Kit (Red),"₹11,490",7 days Replacement,"FREE delivery Thursday, 5 October. Details
Or fastest delivery Wednesday, 4 October. Order within 6 hrs 31 mins. Details",Only 1 left in stock,https://www.amazon.in/Intern-INT-38C-Acoustic-Guitar-Kit/dp/B073B6TF31/ref=sr_1_35?crid=275XQA48GYQN9&keywords=guitar&qid=1696247173&sprefix=guitar%2Caps%2C207&sr=8-35
YAMAHA,YAMAHA FX280 Natural Electro Acoustic Guitar,"₹3,999",7 days Replacement,"FREE delivery Thursday, 5 October. Details
Or fastest delivery Wednesday, 4 October. Order within 6 hrs 30 mins. Details",In stock,https://www.amazon.in/Yamaha-FX280-acoustic-Dreadnought-Natural/dp/B09HR6BNFQ/ref=sr_1_36?crid=275XQA48GYQN9&keywords=guitar&qid=1696247173&sprefix=guitar%2Caps%2C207&sr=8-36
Kadence,Kadence BB01 Dreadnought Acoustic Guitar + (free online learning Course) - Natural,"₹3,999",7 days Returnable,"FREE delivery Wednesday, 4 October. Details
Or fastest delivery Tomorrow, 3 October. Order within 6 hrs 30 mins. Details",In stock,https://www.amazon.in/Kadence-Dreadnought-Acoustic-Guitar-learning/dp/B0CH8L5NF3/ref=sr_1_37?crid=275XQA48GYQN9&keywords=guitar&qid=1696247173&sprefix=guitar%2Caps%2C207&sr=8-37
Kadence,Kadence Concert Sized Ukulele 24inch (Built in Equalizer) With Bag and Tuner (Saple Wood With Binding),"₹2,299",7 days Replacement,"FREE delivery Thursday, 5 October. Details
Or fastest delivery Wednesday, 4 October. Order within 6 hrs 30 mins. Details",In stock,https://www.amazon.in/Kadence-Concert-Ukulele-Equalizer-Binding/dp/B08PNSGQBL/ref=sr_1_38?crid=275XQA48GYQN9&keywords=guitar&qid=1696247173&sprefix=guitar%2Caps%2C207&sr=8-38
Medellin,"Medellin 38” Acoustic Guitar with (free learning course), Matt finish, Picks and Bag (black)","₹8,670",7 days Returnable,"FREE delivery Monday, 9 October. Details",Only 1 left in stock,https://www.amazon.in/Medellin-Acoustic-Guitar-learning-course/dp/B0CGRX6ZMF/ref=sr_1_39?crid=275XQA48GYQN9&keywords=guitar&qid=1696247173&sprefix=guitar%2Caps%2C207&sr=8-39
Yamaha,"Yamaha F280 Acoustic sprucewood Guitar Dreadnought With Mexa Guitar Bag, Belt, String Set, Plectrums & Guitar StAnd (Tsb)","₹2,389",7 days Replacement,"FREE delivery Sunday, 8 October. Details",In stock,https://www.amazon.in/Yamaha-F280-Acoustic-Dreadnought-Plectrum/dp/B08VN2V5V3/ref=sr_1_40?crid=275XQA48GYQN9&keywords=guitar&qid=1696247173&sprefix=guitar%2Caps%2C207&sr=8-40
Blueberry,"Blueberry B-D38, 38 inch Acoustic Guitar Kit Inbuilt Truss Rod with Bag, Strap, One Pack Strings And Picks (Natural)","₹4,580",7 days Replacement,"FREE delivery Saturday, 7 October. Order within 14 hrs 14 mins. Details",In stock,https://www.amazon.in/Blueberry-B-D38-Acoustic-inbuilt-Strings/dp/B07PCRZ1CD/ref=sr_1_41?crid=275XQA48GYQN9&keywords=guitar&qid=1696247173&sprefix=guitar%2Caps%2C207&sr=8-41
Hovner,"Hovner 215 Black F-Cut Rosewood Fretboard Acoustic Guitar With Bag,Strap,1 Set of Extra Strings and 2 Picks By K-Retail","₹8,450",7 days Replacement,"FREE delivery Monday, 9 October. Details",In stock,https://www.amazon.in/Rosewood-Fretboard-Acoustic-Strings-K-Retail/dp/B07KLG8C4P/ref=sr_1_42?crid=275XQA48GYQN9&keywords=guitar&qid=1696247173&sprefix=guitar%2Caps%2C207&sr=8-42
Yamaha,"Yamaha 16 Incheses wood Acoustic Guitar F280 Dreadnought With Mexa Sponge Bag Belt,Plectrums, String Set & Guitar StAnd (Natural)","₹8,091",7 days Replacement,"FREE delivery Thursday, 5 October. Details
Or fastest delivery Wednesday, 4 October. Order within 6 hrs 28 mins. Details",Only 2 left in stock,https://www.amazon.in/Acoustic-F280-Dreadnought-Plectrums-Natural/dp/B092TPXZRN/ref=sr_1_43?crid=275XQA48GYQN9&keywords=guitar&qid=1696247173&sprefix=guitar%2Caps%2C207&sr=8-43
YAMAHA,YAMAHA FS80C NATURAL CONCERT CUTAWAY GUITAR,"₹2,119",7 days Replacement,"FREE delivery Friday, 6 October. Details
Or fastest delivery Thursday, 5 October. Order within 23 hrs 13 mins. Details",In stock,https://www.amazon.in/YAMAHA-NATURAL-CONCERT-CUTAWAY-GUITAR/dp/B08KW4DRKL/ref=sr_1_44?crid=275XQA48GYQN9&keywords=guitar&qid=1696247173&sprefix=guitar%2Caps%2C207&sr=8-44
Intern,"Intern INT-38C 38 Incheses basswood-BLS-G Cutaway Right HAnded Acoustic Guitar Kit, With Bag, Strings, Pick And Strap (Blue, 6 Strings)","₹3,999",7 days Replacement,"FREE delivery Thursday, 5 October. Details
Or fastest delivery Wednesday, 4 October. Order within 6 hrs 27 mins. Details",In stock,https://www.amazon.in/Intern-INT-38C-BLS-G-Guitar-Kit-Blue/dp/B07K8YXTNW/ref=sr_1_45?crid=275XQA48GYQN9&keywords=guitar&qid=1696247173&sprefix=guitar%2Caps%2C207&sr=8-45
Kadence,Kadence BB01 Dreadnought Acoustic Guitar + (free online learning Course) - Sunburst,"₹2,369",7 days Returnable,"FREE delivery Monday, 9 October. Details
Or fastest delivery Thursday, 5 October. Order within 21 hrs 57 mins. Details",In stock,https://www.amazon.in/Kadence-Dreadnought-Acoustic-Guitar-learning/dp/B0CH8G45XP/ref=sr_1_46?crid=275XQA48GYQN9&keywords=guitar&qid=1696247173&sprefix=guitar%2Caps%2C207&sr=8-46
Juarez,"Juarez Lindenwood Acoustic Guitar, 38 Inches Curved Body Cutaway, 38CUR With Bag, Strings, Pick And Strap (Black)","₹2,759",7 days Replacement,"FREE delivery Friday, 6 October. Details
Or fastest delivery Thursday, 5 October. Order within 23 hrs 12 mins. Details",In stock,https://www.amazon.in/Juarez-Acoustic-Guitar-Cutaway-Strings/dp/B076QHZ4HZ/ref=sr_1_47?crid=275XQA48GYQN9&keywords=guitar&qid=1696247173&sprefix=guitar%2Caps%2C207&sr=8-47
Juârez,"Juârez JRZ38C/VTS 6 Strings Acoustic Guitar 38 Inch Cutaway, Right Handed, Violet/Purple with Bag, Strings, Picks and Strap","₹3,299",7 days Replacement,"FREE delivery Thursday, 5 October. Details
Or fastest delivery Wednesday, 4 October. Order within 6 hrs 26 mins. Details",In stock,https://www.amazon.in/JRZ38C-VTS-Strings-Acoustic-Cutaway/dp/B072MFLQC9/ref=sr_1_48?crid=275XQA48GYQN9&keywords=guitar&qid=1696247173&sprefix=guitar%2Caps%2C207&sr=8-48
Kadence,Kadence Acoustica Series Semi Acoustic Ash Wood with Fluorocarbon strings Equalizer A-06 (Ukulele),"₹9,999",7 days Replacement,"FREE delivery Thursday, 5 October. Details
Or fastest delivery Wednesday, 4 October. Order within 6 hrs 26 mins. Details",In stock,https://www.amazon.in/Kadence-Acoustica-Acoustic-Fluorocarbon-Equalizer/dp/B08PBLKL62/ref=sr_1_49?crid=275XQA48GYQN9&keywords=guitar&qid=1696247173&sprefix=guitar%2Caps%2C207&sr=8-49
Kadence,"Kadence Astro Man Electric Guitar, with Free learning course 24 FRETS, H- S - S PICK UPS Walnut Top with Alder wood Back and Sides With Amplifier","₹9,789",7 days Replacement,"FREE delivery Tuesday, 10 October. Details
Or fastest delivery Wednesday, 4 October. Order within 6 hrs 25 mins. Details",In stock,https://www.amazon.in/Kadence-Astro-Electric-Guitar-FRETS/dp/B09YHPH1MZ/ref=sr_1_50?crid=275XQA48GYQN9&keywords=guitar&qid=1696247173&sprefix=guitar%2Caps%2C207&sr=8-50
Yamaha,"Yamaha FS100C Acoustic Guitar, Natural","₹7,124",7 days Replacement,"FREE delivery Wednesday, 4 October. Order within 6 hrs 25 mins. Details",In stock,https://www.amazon.in/Yamaha-FS100C-Acoustic-Guitars-Natural/dp/B00QKD79QE/ref=sr_1_51?crid=275XQA48GYQN9&keywords=guitar&qid=1696247173&sprefix=guitar%2Caps%2C207&sr=8-51
Vault,Vault EA40TBK 41 inch Premium Solid Spruce-Top Cutaway Acoustic Guitar (Black),"₹6,299",7 days Replacement,"FREE delivery Wednesday, 4 October. Details
Or fastest delivery Tomorrow, 3 October. Order within 6 hrs 25 mins. Details",In stock,https://www.amazon.in/EA40TBK-Premium-Spruce-Top-Cutaway-Acoustic/dp/B0BW3QYHV1/ref=sr_1_52?crid=275XQA48GYQN9&keywords=guitar&qid=1696247173&sprefix=guitar%2Caps%2C207&sr=8-52
Kadence,Kadence GenZ Guitar (with Guitar learning course) Acoustic Guitar with Die Cast Keys and Bag (Lavender),"₹13,290",7 days Replacement,"FREE delivery Thursday, 5 October. Details
Or fastest delivery Wednesday, 4 October. Order within 6 hrs 24 mins. Details",In stock,https://www.amazon.in/Kadence-Guitar-learning-Acoustic-Lavender/dp/B0CD4CNSPJ/ref=sr_1_53?crid=275XQA48GYQN9&keywords=guitar&qid=1696247173&sprefix=guitar%2Caps%2C207&sr=8-53
Yamaha,"Yamaha F310P 41"" Acoustic Guitar Package, Natural, Including Gigbag, Strap, Pitch Pipe, Strings, Picks, String Winder and Capo","₹2,149",7 days Replacement,"FREE delivery Thursday, 5 October. Details
Or fastest delivery Wednesday, 4 October. Order within 6 hrs 24 mins. Details",In stock,https://www.amazon.in/Yamaha-F310-Gig-Maker-Package/dp/B0002H0KGK/ref=sr_1_54?crid=275XQA48GYQN9&keywords=guitar&qid=1696247173&sprefix=guitar%2Caps%2C207&sr=8-54
Medellin,"Medellin 38"" Acoustic Guitar premium wood, free online learning course, Set Of Strings, Strap, Bag and 3 Picks Blue","₹2,699",7 days Replacement,"FREE delivery Wednesday, 4 October. Details
Or fastest delivery Tomorrow, 3 October. Order within 6 hrs 24 mins. Details",In stock,https://www.amazon.in/Medellin-MED-BLU-C-Linden-Acoustic-Guitar/dp/B07NBMWHJW/ref=sr_1_55?crid=275XQA48GYQN9&keywords=guitar&qid=1696247173&sprefix=guitar%2Caps%2C207&sr=8-55
Medellin,"Medellin 38"" Acoustic Guitar premium wood with adjustable Truss-rod, free online learning course, Set Of Strings, Strap, Bag and 3 Picks (Blue)","₹2,950",7 days Replacement,"FREE delivery Wednesday, 11 October. Order within 20 hrs 8 mins. Details",In stock,https://www.amazon.in/Medellin-Acoustic-adjustable-Truss-rod-learning/dp/B0BML6H5HT/ref=sr_1_56?crid=275XQA48GYQN9&keywords=guitar&qid=1696247173&sprefix=guitar%2Caps%2C207&sr=8-56
“ALL,"“ALL WOODEN” 38” INCH ""DOLPHIN"" Guitar Combo Pack For Beginner Adults Childs Starter Bundle Kit,Dual Action Truss Rod, Gigbag, Picks, String Set, String Winder,Strap,Matt SUNBRUST","₹2,950",7 days Returnable,"FREE delivery Wednesday, 11 October. Order within 20 hrs 8 mins. Details",In stock,https://www.amazon.in/sspa/click?ie=UTF8&spc=MToxMzE5Njg0NDQyNDIzNjM5OjE2OTYyNDcxNzM6c3BfYnRmOjMwMDA2NTYzMDkyNjEzMjo6MDo6&url=%2FWOODEN-DOLPHIN-Beginner-Starter-SUNBRUST%2Fdp%2FB0CK4Q5XP7%2Fref%3Dsr_1_57_sspa%3Fcrid%3D275XQA48GYQN9%26keywords%3Dguitar%26qid%3D1696247173%26sprefix%3Dguitar%252Caps%252C207%26sr%3D8-57-spons%26sp_csd%3Dd2lkZ2V0TmFtZT1zcF9idGY%26psc%3D1
“ALL,"“ALL WOODEN” 38” INCH ""DOLPHIN"" Guitar Combo Pack For Beginner Adults Childs Starter Bundle Kit,Dual Action Truss Rod, Gigbag, Picks, String Set, String Winder,Strap,Matt BLUE SUNBRUST","₹2,950",7 days Returnable,"FREE delivery Wednesday, 11 October. Order within 20 hrs 8 mins. Details",In stock,https://www.amazon.in/sspa/click?ie=UTF8&spc=MToxMzE5Njg0NDQyNDIzNjM5OjE2OTYyNDcxNzM6c3BfYnRmOjMwMDA2NTYzMDkyNjQzMjo6MDo6&url=%2FWOODEN-DOLPHIN-Beginner-Starter-SUNBRUST%2Fdp%2FB0CK4Q4FCZ%2Fref%3Dsr_1_58_sspa%3Fcrid%3D275XQA48GYQN9%26keywords%3Dguitar%26qid%3D1696247173%26sprefix%3Dguitar%252Caps%252C207%26sr%3D8-58-spons%26sp_csd%3Dd2lkZ2V0TmFtZT1zcF9idGY%26psc%3D1
“ALL,"“ALL WOODEN” 38” INCH ""DOLPHIN""Guitar Combo Pack For Beginner Adults Childs Starter Bundle Kit,Dual Action Truss Rod, Gigbag, Picks, String Set, String Winder,Strap,Matt BLACK","₹2,950",7 days Returnable,"FREE delivery Wednesday, 11 October. Order within 20 hrs 7 mins. Details",In stock,https://www.amazon.in/sspa/click?ie=UTF8&spc=MToxMzE5Njg0NDQyNDIzNjM5OjE2OTYyNDcxNzM6c3BfYnRmOjMwMDA2NTYzMDkyNjIzMjo6MDo6&url=%2FWOODEN-DOLPHIN-Guitar-Beginner-Starter%2Fdp%2FB0CK4QB9HH%2Fref%3Dsr_1_59_sspa%3Fcrid%3D275XQA48GYQN9%26keywords%3Dguitar%26qid%3D1696247173%26sprefix%3Dguitar%252Caps%252C207%26sr%3D8-59-spons%26sp_csd%3Dd2lkZ2V0TmFtZT1zcF9idGY%26psc%3D1
“ALL,"“ALL WOODEN” 38” INCH ""DOLPHIN""Guitar Combo Pack For Beginner Adults Childs Starter Bundle Kit,Dual Action Truss Rod, Gigbag, Picks, String Set, String Winder,Strap,Matt NATURAL","₹2,629",7 days Returnable,"FREE delivery Saturday, 7 October. Details",Only 2 left in stock,https://www.amazon.in/sspa/click?ie=UTF8&spc=MToxMzE5Njg0NDQyNDIzNjM5OjE2OTYyNDcxNzM6c3BfYnRmOjMwMDA2NTYzMDkyNjMzMjo6MDo6&url=%2FWOODEN-DOLPHIN-Beginner-Starter-NATURAL%2Fdp%2FB0CK4PTB1J%2Fref%3Dsr_1_60_sspa%3Fcrid%3D275XQA48GYQN9%26keywords%3Dguitar%26qid%3D1696247173%26sprefix%3Dguitar%252Caps%252C207%26sr%3D8-60-spons%26sp_csd%3Dd2lkZ2V0TmFtZT1zcF9idGY%26psc%3D1
Revel,Revel 38 Inches Cutaway Design Acoustic Guitar with Carry bag and Plectrums. Great tone and Beginner/Learners standard size configuration for all age groups (White),"₹4,999",7 days Replacement,"FREE delivery Thursday, 5 October. Details
Or fastest delivery Wednesday, 4 October. Order within 6 hrs 22 mins. Details",In stock,https://www.amazon.in/sspa/click?ie=UTF8&spc=MTo1NDkwMjM3ODczMTk4NjM5OjE2OTYyNDcxNzM6c3Bfc2VhcmNoX3RoZW1hdGljOjMwMDA1MTU4ODUxNjEzMjo6MDo6&url=%2FAcoustic-Plectrums-Beginner-Learners-configuration%2Fdp%2FB09W5TQD6G%2Fref%3Dsxbs_pa_sp_search_thematic_sspa%3Fcontent-id%3Damzn1.sym.a8a43b24-40fb-4c34-9690-b801d12c8867%253Aamzn1.sym.a8a43b24-40fb-4c34-9690-b801d12c8867%26crid%3D275XQA48GYQN9%26cv_ct_cx%3Dguitar%26keywords%3Dguitar%26pd_rd_i%3DB09W5TQD6G%26pd_rd_r%3D0c34021b-4f75-442c-8121-cb48637d601e%26pd_rd_w%3D8LJw3%26pd_rd_wg%3DCWRpW%26pf_rd_p%3Da8a43b24-40fb-4c34-9690-b801d12c8867%26pf_rd_r%3DBCHSMCWWWJF932VX7YR2%26qid%3D1696247173%26sbo%3DRZvfv%252F%252FHxDF%252BO5021pAnSA%253D%253D%26sprefix%3Dguitar%252Caps%252C207%26sr%3D1-1-2907eac4-8056-42c7-8014-fdf7bd4c5395-spons%26sp_csd%3Dd2lkZ2V0TmFtZT1zcF9zZWFyY2hfdGhlbWF0aWM%26psc%3D1
Kadence,"Kadence rosewood Guitar Frontier Series, Electric Acoustic Black Guitar With EQ, Die Cast Keys, Set Of Strings, Strap, Picks And Bag (Black EQ, Electric Acoustic)","₹3,419",7 days Replacement,"FREE delivery Saturday, 7 October. Order within 11 hrs 21 mins. Details",In stock,https://www.amazon.in/sspa/click?ie=UTF8&spc=MTo1NDkwMjM3ODczMTk4NjM5OjE2OTYyNDcxNzM6c3Bfc2VhcmNoX3RoZW1hdGljOjMwMDAxNTUzNzk3OTIzMjo6MTo6&url=%2FKadence-Frontier-Acoustic-Guitar-Strings%2Fdp%2FB078GTJP5Y%2Fref%3Dsxbs_pa_sp_search_thematic_sspa%3Fcontent-id%3Damzn1.sym.a8a43b24-40fb-4c34-9690-b801d12c8867%253Aamzn1.sym.a8a43b24-40fb-4c34-9690-b801d12c8867%26crid%3D275XQA48GYQN9%26cv_ct_cx%3Dguitar%26keywords%3Dguitar%26pd_rd_i%3DB078GTJP5Y%26pd_rd_r%3D0c34021b-4f75-442c-8121-cb48637d601e%26pd_rd_w%3D8LJw3%26pd_rd_wg%3DCWRpW%26pf_rd_p%3Da8a43b24-40fb-4c34-9690-b801d12c8867%26pf_rd_r%3DBCHSMCWWWJF932VX7YR2%26qid%3D1696247173%26sbo%3DRZvfv%252F%252FHxDF%252BO5021pAnSA%253D%253D%26sprefix%3Dguitar%252Caps%252C207%26sr%3D1-2-2907eac4-8056-42c7-8014-fdf7bd4c5395-spons%26sp_csd%3Dd2lkZ2V0TmFtZT1zcF9zZWFyY2hfdGhlbWF0aWM%26psc%3D1
PS,"PS Signature 41inch Acoustic Guitar (Natural Color) Free 1 set Strings, 3 Picks, Bag & Belt)","₹11,999",7 Day Warranty,"FREE delivery Wednesday, 4 October. Order within 6 hrs 21 mins. Details",In stock,https://www.amazon.in/sspa/click?ie=UTF8&spc=MTo1NDkwMjM3ODczMTk4NjM5OjE2OTYyNDcxNzM6c3Bfc2VhcmNoX3RoZW1hdGljOjMwMDA2NTExNDY0MTUzMjo6Mjo6&url=%2FPS-Signature-Acoustic-Natural-Strings%2Fdp%2FB0CFYS6Q7Q%2Fref%3Dsxbs_pa_sp_search_thematic_sspa%3Fcontent-id%3Damzn1.sym.a8a43b24-40fb-4c34-9690-b801d12c8867%253Aamzn1.sym.a8a43b24-40fb-4c34-9690-b801d12c8867%26crid%3D275XQA48GYQN9%26cv_ct_cx%3Dguitar%26keywords%3Dguitar%26pd_rd_i%3DB0CFYS6Q7Q%26pd_rd_r%3D0c34021b-4f75-442c-8121-cb48637d601e%26pd_rd_w%3D8LJw3%26pd_rd_wg%3DCWRpW%26pf_rd_p%3Da8a43b24-40fb-4c34-9690-b801d12c8867%26pf_rd_r%3DBCHSMCWWWJF932VX7YR2%26qid%3D1696247173%26sbo%3DRZvfv%252F%252FHxDF%252BO5021pAnSA%253D%253D%26sprefix%3Dguitar%252Caps%252C207%26sr%3D1-3-2907eac4-8056-42c7-8014-fdf7bd4c5395-spons%26sp_csd%3Dd2lkZ2V0TmFtZT1zcF9zZWFyY2hfdGhlbWF0aWM%26psc%3D1
Kadence,"Kadence Slowhand Premium Jumbo Semi Acoustic Guitar with Heavy Padded Bag, guitar cable, Pro Capo (Black Spruce Wood)","₹2,950",7 days Replacement,"FREE delivery Wednesday, 11 October. Order within 20 hrs 6 mins. Details",In stock,https://www.amazon.in/sspa/click?ie=UTF8&spc=MTo1NDkwMjM3ODczMTk4NjM5OjE2OTYyNDcxNzM6c3Bfc2VhcmNoX3RoZW1hdGljOjIwMDU3MzAzOTg2MjA0OjozOjo&url=%2FKadence-Slowhand-Premium-Acoustic-Instrument%2Fdp%2FB077SZ667X%2Fref%3Dsxbs_pa_sp_search_thematic_sspa%3Fcontent-id%3Damzn1.sym.a8a43b24-40fb-4c34-9690-b801d12c8867%253Aamzn1.sym.a8a43b24-40fb-4c34-9690-b801d12c8867%26crid%3D275XQA48GYQN9%26cv_ct_cx%3Dguitar%26keywords%3Dguitar%26pd_rd_i%3DB077SZ667X%26pd_rd_r%3D0c34021b-4f75-442c-8121-cb48637d601e%26pd_rd_w%3D8LJw3%26pd_rd_wg%3DCWRpW%26pf_rd_p%3Da8a43b24-40fb-4c34-9690-b801d12c8867%26pf_rd_r%3DBCHSMCWWWJF932VX7YR2%26qid%3D1696247173%26sbo%3DRZvfv%252F%252FHxDF%252BO5021pAnSA%253D%253D%26sprefix%3Dguitar%252Caps%252C207%26sr%3D1-4-2907eac4-8056-42c7-8014-fdf7bd4c5395-spons%26sp_csd%3Dd2lkZ2V0TmFtZT1zcF9zZWFyY2hfdGhlbWF0aWM%26psc%3D1
“ALL,"“ALL WOODEN” 38” INCH ""DOLPHIN""Guitar Combo Pack For Beginner Adults Childs Starter Bundle Kit,Dual Action Truss Rod, Gigbag, Picks, String Set, String Winder,Strap,Matt BROWN","₹5,449",7 days Returnable,"FREE delivery Sunday, 8 October. Details",In stock,https://www.amazon.in/sspa/click?ie=UTF8&spc=MTozNTI4ODkxNzQ1NTk4NjM5OjE2OTYyNDcxODM6c3BfYXRmX25leHQ6MzAwMDY1NjMwOTI2MDMyOjowOjo&url=%2FWOODEN-DOLPHIN-Guitar-Beginner-Starter%2Fdp%2FB0CK4QJLP1%2Fref%3Dsr_1_49_sspa%3Fcrid%3D275XQA48GYQN9%26keywords%3Dguitar%26qid%3D1696247183%26sprefix%3Dguitar%252Caps%252C207%26sr%3D8-49-spons%26sp_csd%3Dd2lkZ2V0TmFtZT1zcF9hdGZfbmV4dA%26psc%3D1
DEVICE,DEVICE OF URBAN INFOTECH 40 inch Acoustic Guitar for Beginners Adults Premium Wood Curved Cutaway Design Acoustic Guitar Kit with Carrying Gig Bag Guitar for Adults Starters Students (Wine),"₹3,229",7 days Returnable,"FREE delivery Saturday, 7 October. Order within 11 hrs 20 mins. Details",Only 1 left in stock,https://www.amazon.in/sspa/click?ie=UTF8&spc=MTozNTI4ODkxNzQ1NTk4NjM5OjE2OTYyNDcxODM6c3BfYXRmX25leHQ6MzAwMDQxMjY3NTQ0NDMyOjowOjo&url=%2FDEVICE-URBAN-INFOTECH-Acoustic-Beginners%2Fdp%2FB0CDS5CHVN%2Fref%3Dsr_1_50_sspa%3Fcrid%3D275XQA48GYQN9%26keywords%3Dguitar%26qid%3D1696247183%26sprefix%3Dguitar%252Caps%252C207%26sr%3D8-50-spons%26sp_csd%3Dd2lkZ2V0TmFtZT1zcF9hdGZfbmV4dA%26psc%3D1
PS,"PS Signature 41inch Blue Matte Acoustic Guitar (Free 1 set Strings, 3 Picks, Bag & Belt)","₹8,999",7 Day Warranty,FREE delivery 10 - 11 October. Details,In stock,https://www.amazon.in/sspa/click?ie=UTF8&spc=MTozNTI4ODkxNzQ1NTk4NjM5OjE2OTYyNDcxODM6c3BfYXRmX25leHQ6MzAwMDY1MTE0NjQxODMyOjowOjo&url=%2FPS-Signature-41inch-Acoustic-Strings%2Fdp%2FB0CH3PFGS7%2Fref%3Dsr_1_51_sspa%3Fcrid%3D275XQA48GYQN9%26keywords%3Dguitar%26qid%3D1696247183%26sprefix%3Dguitar%252Caps%252C207%26sr%3D8-51-spons%26sp_csd%3Dd2lkZ2V0TmFtZT1zcF9hdGZfbmV4dA%26psc%3D1
Guitar,"Guitar Bro Combo 38 Inches Rose Wood (Blue Acoustic Guitar For Beginner, Guitar Learning Kit, Song Book, Video Lectures, Accessories Like Pick, Bag)","₹12,950",15 Day Warranty,"FREE delivery Friday, 6 October. Order within 21 hrs 35 mins. Details",In stock,https://www.amazon.in/sspa/click?ie=UTF8&spc=MTozNTI4ODkxNzQ1NTk4NjM5OjE2OTYyNDcxODM6c3BfYXRmX25leHQ6MjAwNDkxMjkxMzYzMDE6OjA6Og&url=%2FGUITAR-BRO-Acoustic-Beginner-Accessories%2Fdp%2FB07TC7TWCR%2Fref%3Dsr_1_52_sspa%3Fcrid%3D275XQA48GYQN9%26keywords%3Dguitar%26qid%3D1696247183%26sprefix%3Dguitar%252Caps%252C207%26sr%3D8-52-spons%26sp_csd%3Dd2lkZ2V0TmFtZT1zcF9hdGZfbmV4dA%26psc%3D1
Fender,Fender Acoustic Guitar Dreadnought CD60 V3 Black 970110506,"₹9,004",7 days Replacement,"FREE delivery Sunday, 8 October. Details
Or fastest delivery Wednesday, 4 October. Order within 6 hrs 19 mins. Details",In stock,https://www.amazon.in/Fender-Dread-String-Acoustic-Guitar/dp/B07RM4B5LJ/ref=sr_1_53?crid=275XQA48GYQN9&keywords=guitar&qid=1696247183&sprefix=guitar%2Caps%2C207&sr=8-53
Yamaha,"Yamaha F310, 6-Strings Acoustic Guitar, Natural","₹4,654",7 days Replacement,"FREE delivery Friday, 6 October. Details
Or fastest delivery Thursday, 5 October. Order within 23 hrs 4 mins. Details",In stock,https://www.amazon.in/Yamaha-F310-Acoustic-Guitar-Natural/dp/B08Z3C1GRM/ref=sr_1_54?crid=275XQA48GYQN9&keywords=guitar&qid=1696247183&sprefix=guitar%2Caps%2C207&sr=8-54
Vault,"Vault DA20 Dreadnought Acoustic Guitar With Gig-Bag, Picks, Strings Set, String Winder, Strap, Polishing Cloth And Allen Key","₹2,759",7 days Replacement,"FREE delivery Friday, 6 October. Details
Or fastest delivery Thursday, 5 October. Order within 23 hrs 3 mins. Details",In stock,https://www.amazon.in/Dreadnought-Acoustic-Gig-Bag-Strings-Polishing/dp/B0BJJRJVHY/ref=sr_1_55?crid=275XQA48GYQN9&keywords=guitar&qid=1696247183&sprefix=guitar%2Caps%2C207&sr=8-55
Juârez,"Juârez JRZ38C/WH 6 Strings Acoustic Guitar 38 Inch Cutaway, Right Handed, White with Bag, Strings, Picks and Strap","₹2,245",7 days Replacement,"FREE delivery Sunday, 8 October. Details",In stock,https://www.amazon.in/Ju%C3%A2rez-JRZ38C-WH-Strings-Acoustic/dp/B072MFK4L6/ref=sr_1_56?crid=275XQA48GYQN9&keywords=guitar&qid=1696247183&sprefix=guitar%2Caps%2C207&sr=8-56
Blueberry,"Blueberry B-38C 38inch Acoustic Guitar Kit with Bag, Strap, One Pack Strings And 2 Picks (Black)","₹2,999",7 days Replacement,"FREE delivery Sunday, 8 October. Details",In stock,https://www.amazon.in/Blueberry-38C-Acoustic-Guitar-Strings/dp/B08KLMV4XX/ref=sr_1_57?crid=275XQA48GYQN9&keywords=guitar&qid=1696247183&sprefix=guitar%2Caps%2C207&sr=8-57
Blueberry,"Blueberry 38 Inch D38S Acoustic Guitar Kit Inbuilt Truss Rod, with Bag, Belt, One Pack Strings And Picks (Brown)","₹3,324",7 days Replacement,"FREE delivery Saturday, 7 October. Order within 11 hrs 17 mins. Details",In stock,https://www.amazon.in/Blueberry-Acoustic-Guitar-Inbuilt-Strings/dp/B07PHZ16BG/ref=sr_1_58?crid=275XQA48GYQN9&keywords=guitar&qid=1696247183&sprefix=guitar%2Caps%2C207&sr=8-58
PS,"PS Signature 41inch Acoustic Guitar Black Matte New Model (Free 1 set Strings, 3 Picks, Bag & Belt)","₹12,999",7 Day Warranty,"FREE delivery Thursday, 5 October. Details
Or fastest delivery Wednesday, 4 October. Order within 6 hrs 17 mins. Details",In stock,https://www.amazon.in/PS-Signature-41inch-Acoustic-Strings/dp/B0CGXL3VKG/ref=sr_1_49?crid=275XQA48GYQN9&keywords=guitar&qid=1696247183&sprefix=guitar%2Caps%2C207&sr=8-49
Kadence,Kadence 12 strings Slowhand Premium Black Spruce wood Semi Acoustic Guitar KSH04-12EQ,"₹80,250",7 days Returnable,"FREE delivery Monday, 9 October. Details
Or fastest delivery Wednesday, 4 October. Order within 6 hrs 17 mins. Details",Only 1 left in stock,https://www.amazon.in/Kadence-strings-Slowhand-Acoustic-KSH04-12EQ/dp/B0CGDG462X/ref=sr_1_50?crid=275XQA48GYQN9&keywords=guitar&qid=1696247183&sprefix=guitar%2Caps%2C207&sr=8-50
Fender,"Fender 0970310321 (PD-220E Dreadnought Acoustic Guitar, Natural)","₹8,399",1 Year Warranty,"FREE delivery Friday, 6 October. Order within 21 hrs 32 mins. Details",In stock,https://www.amazon.in/Fender-0970310321-PD-220E-Dreadnought-Acoustic/dp/B09RWK9XKJ/ref=sr_1_51?crid=275XQA48GYQN9&keywords=guitar&qid=1696247183&sprefix=guitar%2Caps%2C207&sr=8-51
Vault,Vault ST1 Premium Electric Guitar - Black,"₹2,499",7 days Replacement,"FREE delivery Thursday, 5 October. Details
Or fastest delivery Wednesday, 4 October. Order within 6 hrs 16 mins. Details",In stock,https://www.amazon.in/Vault-ST1-Premium-Electric-Guitar/dp/B09GLZV36M/ref=sr_1_52?crid=275XQA48GYQN9&keywords=guitar&qid=1696247183&sprefix=guitar%2Caps%2C207&sr=8-52
Medellin,"Medellin Acoustic Guitar (with guitar learning course) Neon Orange (Combo, Strings,Bag,Picks and guitar course)","₹11,209",7 days Replacement,"FREE delivery Thursday, 5 October. Details
Or fastest delivery Wednesday, 4 October. Order within 6 hrs 16 mins. Details",In stock,https://www.amazon.in/Medellin-Acoustic-Guitar-learning-Strings/dp/B0CCNSN6S4/ref=sr_1_53?crid=275XQA48GYQN9&keywords=guitar&qid=1696247183&sprefix=guitar%2Caps%2C207&sr=8-53
Yamaha,Yamaha FX280 Tobacco Brown Sunburst Electro Acoustic Guitar,"₹4,999",7 days Replacement,"FREE delivery Thursday, 5 October. Details
Or fastest delivery Wednesday, 4 October. Order within 6 hrs 16 mins. Details",In stock,https://www.amazon.in/FX280-acoustic-Dreadnought-Tobacco-Sunburst/dp/B09HR7BXGW/ref=sr_1_54?crid=275XQA48GYQN9&keywords=guitar&qid=1696247183&sprefix=guitar%2Caps%2C207&sr=8-54
Kadence,"Kadence Guitar Frontier Series, Blue Acoustic Guitar with Die Cast Keys, Set of Strings, Strap, Picks, Guitar stand, Capo and Bag, Super Combo (Blue, Acoustic)","₹13,046",7 days Replacement,"FREE delivery Tuesday, 10 October. Details
Or fastest delivery Wednesday, 4 October. Order within 6 hrs 15 mins. Details",Only 1 left in stock,https://www.amazon.in/Kadence-Frontier-Acoustic-Foldable-Strings/dp/B01CJJGEVS/ref=sr_1_55?crid=275XQA48GYQN9&keywords=guitar&qid=1696247183&sprefix=guitar%2Caps%2C207&sr=8-55
Yamaha,"Yamaha F370 Acoustic Guitar, Natural","₹6,999",7 days Replacement,"FREE delivery Wednesday, 4 October. Order within 6 hrs 15 mins. Details",In stock,https://www.amazon.in/Yamaha-F370-Acoustic-Guitar-Natural/dp/B000WITPJM/ref=sr_1_56?crid=275XQA48GYQN9&keywords=guitar&qid=1696247183&sprefix=guitar%2Caps%2C207&sr=8-56
Kadence,"Kadence Guitar Acoustica Series A05, Electric Acoustic Guitar, Zebra Wood with Pickup, Inbuilt tuner and Bag (Zebra Wood, Electro Acoustic)","₹11,999",7 days Replacement,"FREE delivery Thursday, 5 October. Details
Or fastest delivery Wednesday, 4 October. Order within 6 hrs 14 mins. Details",In stock,https://www.amazon.in/Kadence-Acoustica-Acoustic-Guitar-Zebra/dp/B07KXNKLJ2/ref=sr_1_57?crid=275XQA48GYQN9&keywords=guitar&qid=1696247183&sprefix=guitar%2Caps%2C207&sr=8-57
Kadence,"Kadence Guitar Slowhand Series Premium Electric Acoustic Mahogany body Demi Cutaway Jumbo Guitar 41” Combo with Heavy Padded Bag, Instrument cable, Pro Capo, Picks, and String Set (Mahogany SH03)","₹7,999",7 days Replacement,₹918.52 delivery 10 - 11 October. Details,Only 2 left in stock,https://www.amazon.in/Kadence-Slowhand-Acoustic-Mahagony-Instrument/dp/B077T7GXFV/ref=sr_1_58?crid=275XQA48GYQN9&keywords=guitar&qid=1696247183&sprefix=guitar%2Caps%2C207&sr=8-58
Gibz's,"Gibz's Guitar FT-G41 Frontier Series 41"" Jumbo Semi Acoustic Guitar With Die Cast Keys, Super Combo (Bag, 1 pack Strings, Strap, Picks, Capo (Black)","₹4,084",7 days Replacement,"FREE delivery Wednesday, 4 October. Order within 6 hrs 14 mins. Details",In stock,https://www.amazon.in/sspa/click?ie=UTF8&spc=MTozNTI4ODkxNzQ1NTk4NjM5OjE2OTYyNDcxODM6c3BfbXRmOjMwMDAyOTA0MDUyMjUzMjo6MDo6&url=%2FGibzs-FT-G41-Frontier-Acoustic-Strings%2Fdp%2FB0BY5DQV35%2Fref%3Dsr_1_59_sspa%3Fcrid%3D275XQA48GYQN9%26keywords%3Dguitar%26qid%3D1696247183%26sprefix%3Dguitar%252Caps%252C207%26sr%3D8-59-spons%26sp_csd%3Dd2lkZ2V0TmFtZT1zcF9tdGY%26psc%3D1
Vault,"Vault Traveller 34 Inch Acoustic Guitar With Truss Rod, Gig-Bag, Strap, Strings, Polishing Cloth, String Winder, Picks & E-Book - Natural Gloss","₹9,500",Amazon Delivered,"FREE delivery Sunday, 8 October. Order within 11 hrs 13 mins. Details",Only 1 left in stock,https://www.amazon.in/sspa/click?ie=UTF8&spc=MTozNTI4ODkxNzQ1NTk4NjM5OjE2OTYyNDcxODM6c3BfbXRmOjIwMDM2MjQ0NTU5NTk4OjowOjo&url=%2FTraveller-Acoustic-Guitar-Strings-Polishing%2Fdp%2FB07RK9962M%2Fref%3Dsr_1_60_sspa%3Fcrid%3D275XQA48GYQN9%26keywords%3Dguitar%26qid%3D1696247183%26sprefix%3Dguitar%252Caps%252C207%26sr%3D8-60-spons%26sp_csd%3Dd2lkZ2V0TmFtZT1zcF9tdGY%26psc%3D1
Kaps,"Kaps ST-10AC,6 Strings, Acoustic Guitar, Right Handed, Black With Cover/Bag +Alice Strings set+2 Picks + Strap/Belt","₹6,249",7 days Replacement,"FREE delivery Saturday, 7 October. Order within 21 hrs 58 mins. Details",Only 2 left in stock,https://www.amazon.in/sspa/click?ie=UTF8&spc=MTozNTI4ODkxNzQ1NTk4NjM5OjE2OTYyNDcxODM6c3BfbXRmOjMwMDA1MTgzNTM3OTQzMjo6MDo6&url=%2FKaps-ST-10AC-Strings-Acoustic-Guitar%2Fdp%2FB06XRZCCXH%2Fref%3Dsr_1_61_sspa%3Fcrid%3D275XQA48GYQN9%26keywords%3Dguitar%26qid%3D1696247183%26sprefix%3Dguitar%252Caps%252C207%26sr%3D8-61-spons%26sp_csd%3Dd2lkZ2V0TmFtZT1zcF9tdGY%26psc%3D1
Swan7,Swan7 SW40C-AMH Brown Cutaway All Mahogany Body with Rosewood Fretboard Acoustic Guitar with Bag & Picks,"₹6,499",7 days Replacement,"FREE delivery Thursday, 5 October. Details
Or fastest delivery Wednesday, 4 October. Order within 6 hrs 13 mins. Details",In stock,https://www.amazon.in/sspa/click?ie=UTF8&spc=MTozNTI4ODkxNzQ1NTk4NjM5OjE2OTYyNDcxODM6c3BfbXRmOjMwMDA2NTI4NzkxMDYzMjo6MDo6&url=%2FSwan7-SW40C-AMH-All-Mahogany-Bag%2Fdp%2FB0BSS2K24F%2Fref%3Dsr_1_62_sspa%3Fcrid%3D275XQA48GYQN9%26keywords%3Dguitar%26qid%3D1696247183%26sprefix%3Dguitar%252Caps%252C207%26sr%3D8-62-spons%26sp_csd%3Dd2lkZ2V0TmFtZT1zcF9tdGY%26psc%3D1
Kadence,"Kadence A281 Professional Acoustic Rosewood guitar (Natural, Beige)","₹2,399",7 days Replacement,"FREE delivery Friday, 6 October. Details
Or fastest delivery Thursday, 5 October. Order within 22 hrs 57 mins. Details",In stock,https://www.amazon.in/Kadence-Professional-Acoustic-Rosewood-Natural/dp/B0CC927DLN/ref=sr_1_63?crid=275XQA48GYQN9&keywords=guitar&qid=1696247183&sprefix=guitar%2Caps%2C207&sr=8-63
Intern,"Intern INT-38C-RD-G Linden Wood Cutaway Right Handed Acoustic Guitar Kit, With Bag, Strings, Pick And Strap (Red, 6 Strings)","₹2,999",7 days Replacement,"FREE delivery Wednesday, 4 October. Order within 6 hrs 12 mins. Details",In stock,https://www.amazon.in/Intern-INT-38C-RD-G-Guitar-Kit-Red/dp/B07K959RKX/ref=sr_1_64?crid=275XQA48GYQN9&keywords=guitar&qid=1696247183&sprefix=guitar%2Caps%2C207&sr=8-64
Henrix,"Henrix 38C 38 Inch Left Handed Cutaway Acoustic Guitar with Dual Action Truss Rod, Gigbag, Picks, String Set, Strap, Cloth & Ebook- Natural","₹4,654",7 days Replacement,"FREE delivery Wednesday, 4 October. Order within 6 hrs 12 mins. Details",In stock,https://www.amazon.in/Henrix-Handed-Cutway-Acoustic-Polishing/dp/B08R3DKYGM/ref=sr_1_65?crid=275XQA48GYQN9&keywords=guitar&qid=1696247183&sprefix=guitar%2Caps%2C207&sr=8-65
Vault,"Vault EA20 Guitar Kit with Learn to Play Ebook, Bag, Strings, Straps, Picks, String winder & Polishing Cloth - 40 inch Cutaway Acoustic Guitar Natural","₹52,949",1 Year Warranty,"FREE delivery Wednesday, 4 October. Order within 6 hrs 11 mins. Details",Only 2 left in stock,https://www.amazon.in/Strings-Straps-String-winder-Polishing/dp/B07RV9FJ2Z/ref=sr_1_66?crid=275XQA48GYQN9&keywords=guitar&qid=1696247183&sprefix=guitar%2Caps%2C207&sr=8-66
Epiphone,"Epiphone Les Paul Muse 6 String Right Handed Electric Guitar, Radio Blue Metallic","₹16,500",7 days Replacement,"FREE delivery Friday, 6 October. Details
Or fastest delivery Thursday, 5 October. Order within 22 hrs 41 mins. Details",In stock,https://www.amazon.in/Epiphone-String-Handed-Electric-Metallic/dp/B0881Y6619/ref=sr_1_67?crid=275XQA48GYQN9&keywords=guitar&qid=1696247183&sprefix=guitar%2Caps%2C207&sr=8-67
Enya,"Enya Nova Go Carbon Fiber Acoustic Guitar 1/2 Size Beginner Adult Travel Acustica Guitarra w/Starter Bundle Kit of Colorful Gift Packaging, Acoustic Guitar Strap, EVA Case, Cleaning Cloth(Blue)","₹12,580",7 days Replacement,"FREE delivery Thursday, 12 October. Order within 19 hrs 56 mins. Details",Only 1 left in stock,https://www.amazon.in/Acoustic-Beginner-Acustica-Guitarra-Packaging/dp/B09JNVCKFR/ref=sr_1_68?crid=275XQA48GYQN9&keywords=guitar&qid=1696247183&sprefix=guitar%2Caps%2C207&sr=8-68
YAMAHA,YAMAHA JR2 NATURAL GUITAR,"₹2,589",7 days Replacement,"FREE delivery Friday, 6 October. Details
Or fastest delivery Thursday, 5 October. Order within 22 hrs 55 mins. Details",In stock,https://www.amazon.in/Yamaha-WW36280-YAMAHA-NATURAL-GUITAR/dp/B0042HTCJW/ref=sr_1_69?crid=275XQA48GYQN9&keywords=guitar&qid=1696247183&sprefix=guitar%2Caps%2C207&sr=8-69
Juârez,"Juârez Acoustic Guitar, 38 Inch Cutaway, JRZ38CT, Hippie Funky Design, with Bag, Picks, Strap & Extra String set","₹11,909",7 days Replacement,"FREE delivery Saturday, 7 October. Details
Or fastest delivery Wednesday, 4 October. Order within 6 hrs 10 mins. Details",Only 1 left in stock,https://www.amazon.in/Juarez-Acoustic-Guitar-Cutaway-JRZ38CT/dp/B01N3TTYJQ/ref=sr_1_70?crid=275XQA48GYQN9&keywords=guitar&qid=1696247183&sprefix=guitar%2Caps%2C207&sr=8-70
BigPlayer,"BigPlayer gitar listrik elektrik cheap kit acoustic electric guitar meccaniche chitarra elettrica giutar, White-Blue","₹2,919",7 days Replacement,"FREE delivery Friday, 6 October. Details
Or fastest delivery Thursday, 5 October. Order within 22 hrs 55 mins. Details",In stock,https://www.amazon.in/BigPlayer-gitar-listrik-elektrik-meccaniche/dp/B08XQSLZVB/ref=sr_1_71?crid=275XQA48GYQN9&keywords=guitar&qid=1696247183&sprefix=guitar%2Caps%2C207&sr=8-71
Juârez,"Juârez JRZ38C/ASH 6 Strings Acoustic Guitar 38 Inch Cutaway, Right Handed, Ash with Bag, Strings, Picks and Strap","₹5,749",7 days Replacement,"FREE delivery Friday, 6 October. Details
Or fastest delivery Thursday, 5 October. Order within 22 hrs 54 mins. Details",In stock,https://www.amazon.in/Juarez-JRZ38C-ASH-Strings-Acoustic/dp/B072JTPNZC/ref=sr_1_72?crid=275XQA48GYQN9&keywords=guitar&qid=1696247183&sprefix=guitar%2Caps%2C207&sr=8-72
INTERN,"INTERN 40 inches Acoustic Guitar with Pick-up & truss rod, carry bag, strings pack, strap & picks. Premium Wooden durable built, Best tonal stability with professional sound amplificaiton. (Natural).","₹52,949",1 Year Warranty,"FREE delivery Thursday, 5 October. Details
Or fastest delivery Wednesday, 4 October. Order within 6 hrs 9 mins. Details",In stock,https://www.amazon.in/Acoustic-Pick-up-stability-professional-amplificaiton/dp/B09YH8YQR1/ref=sr_1_73?crid=275XQA48GYQN9&keywords=guitar&qid=1696247183&sprefix=guitar%2Caps%2C207&sr=8-73
Epiphone,Epiphone Les Paul Muse Electric Guitar - Wanderlust Green Metallic,"₹9,789",7 days Replacement,"FREE delivery Tuesday, 10 October. Details
Or fastest delivery Wednesday, 4 October. Order within 6 hrs 9 mins. Details",In stock,https://www.amazon.in/Epiphone-String-Electric-Wanderlust-Metallic/dp/B08628Z2NZ/ref=sr_1_74?crid=275XQA48GYQN9&keywords=guitar&qid=1696247183&sprefix=guitar%2Caps%2C207&sr=8-74
Yamaha,"Yamaha F310-TBS Right Handed Acoustic Guitar (Tobacco Sunburst, 6-Strings)","₹3,590",Warranty Policy,"FREE delivery Saturday, 7 October. Order within 11 hrs 8 mins. Details",In stock,https://www.amazon.in/Yamaha-Acoustic-Guitar-Tobacco-Sunburst/dp/B08Z35ZR9Y/ref=sr_1_75?crid=275XQA48GYQN9&keywords=guitar&qid=1696247183&sprefix=guitar%2Caps%2C207&sr=8-75
"A,Acoustio","A,Acoustio 41 inch 21 fret black matt finish venus acoustic guitar. with cover,1set string,2plectums, 1belt...","₹6,599",7 days Replacement,"FREE delivery Wednesday, 4 October. Order within 6 hrs 8 mins. Details",In stock,https://www.amazon.in/Acoustio-venus-acoustic-guitar-2plectums/dp/B096YGTYB7/ref=sr_1_76?crid=275XQA48GYQN9&keywords=guitar&qid=1696247183&sprefix=guitar%2Caps%2C207&sr=8-76
Kadence,Kadence A281BK Professional Acoustic Rosewood Guitar (Black),"₹2,919",7 days Replacement,"FREE delivery Saturday, 7 October. Details
Or fastest delivery Thursday, 5 October. Order within 22 hrs 53 mins. Details",In stock,https://www.amazon.in/Kadence-A281BK-Professional-Acoustic-Rosewood/dp/B0CD7D6C6R/ref=sr_1_77?crid=275XQA48GYQN9&keywords=guitar&qid=1696247183&sprefix=guitar%2Caps%2C207&sr=8-77
Juârez,"Juârez JRZ38C/MAH 6 Strings Acoustic Guitar 38 Inch Cutaway, Right Handed, Mahogany with Bag, Strings, Picks and Strap","₹5,999",7 days Replacement,"FREE delivery Thursday, 5 October. Details
Or fastest delivery Wednesday, 4 October. Order within 6 hrs 7 mins. Details",In stock,https://www.amazon.in/JRZ38C-Strings-Acoustic-Cutaway-Mahogany/dp/B071JM8C6T/ref=sr_1_78?crid=275XQA48GYQN9&keywords=guitar&qid=1696247183&sprefix=guitar%2Caps%2C207&sr=8-78
Kadence,"Kadence A311, 36"" 6-strings Acoustic Guitar with bag","₹8,499",7 days Replacement,"FREE delivery Thursday, 5 October. Details
Or fastest delivery Wednesday, 4 October. Order within 6 hrs 7 mins. Details",In stock,https://www.amazon.in/Kadence-A311-6-strings-Acoustic-Guitar/dp/B09BN1MN2T/ref=sr_1_79?crid=275XQA48GYQN9&keywords=guitar&qid=1696247183&sprefix=guitar%2Caps%2C207&sr=8-79
Kadence,Kadence Acoustica Series Semi Acoustic Ash Wood with Equlizer A-06 (Guitar Super Combo with Accessories),"₹9,789",7 days Replacement,"FREE delivery Wednesday, 4 October. Order within 6 hrs 7 mins. Details",In stock,https://www.amazon.in/Kadence-Acoustica-Acoustic-Equlizer-Accessories/dp/B09BVH7BMJ/ref=sr_1_80?crid=275XQA48GYQN9&keywords=guitar&qid=1696247183&sprefix=guitar%2Caps%2C207&sr=8-80
Yamaha,"Yamaha FS100C Acoustic Guitar, Natural","₹65,280",1 Year Warranty,"FREE delivery Thursday, 5 October. Details
Or fastest delivery Wednesday, 4 October. Order within 6 hrs 6 mins. Details",Only 1 left in stock,https://www.amazon.in/Yamaha-FS100C-Acoustic-Guitar-Natural/dp/B08Z3DVN8N/ref=sr_1_81?crid=275XQA48GYQN9&keywords=guitar&qid=1696247183&sprefix=guitar%2Caps%2C207&sr=8-81
Fender,Fender 0379501529 (40th Anniversary Telecaster Electric Guitar Vintage Edition Satin Mocha),"₹3,099",7 days Replacement,"FREE delivery Saturday, 7 October. Details",Only 1 left in stock,https://www.amazon.in/Fender-0379501529-Anniversary-Telecaster-Electric/dp/B09RX426VM/ref=sr_1_82?crid=275XQA48GYQN9&keywords=guitar&qid=1696247183&sprefix=guitar%2Caps%2C207&sr=8-82
Intern,"Intern INT-38C-L-SB Left Hand Acoustic Guitar Kit, With Bag, Strings, Pick And Strap (Sunburst)","₹44,889",1 Year Warranty,"FREE delivery Thursday, 5 October. Details
Or fastest delivery Wednesday, 4 October. Order within 6 hrs 6 mins. Details",In stock,https://www.amazon.in/Intern-INT-38C-L-SB-Acoustic-Guitar-Sunburst/dp/B07J5B69MB/ref=sr_1_83?crid=275XQA48GYQN9&keywords=guitar&qid=1696247183&sprefix=guitar%2Caps%2C207&sr=8-83
Epiphone,"Epiphone SG Muse 6 String Right Handed Electric Guitar, Inspired by Gibson Series, Purple Passion Metallic","₹7,699",7 days Replacement,"FREE delivery Friday, 6 October. Order within 21 hrs 21 mins. Details",In stock,https://www.amazon.in/Epiphone-Electric-Inspired-Passion-Metallic/dp/B089SQ7HDG/ref=sr_1_84?crid=275XQA48GYQN9&keywords=guitar&qid=1696247183&sprefix=guitar%2Caps%2C207&sr=8-84
Ibanez,"Ibanez MD39C-NT 39 Inches Rose Wood Cutaway Acoustic Guitar With Gig-Bag, Polishing Cloth And E-Book","₹2,750",7 days Replacement,"FREE delivery Wednesday, 11 October. Order within 19 hrs 50 mins. Details",In stock,https://www.amazon.in/Ibanez-MD39C-NT-Cutaway-Acoustic-Polishing/dp/B084BQJCP8/ref=sr_1_85?crid=275XQA48GYQN9&keywords=guitar&qid=1696247183&sprefix=guitar%2Caps%2C207&sr=8-85
“ALL,"“ALL WOODEN ""BOLT” 38” INCH Guitar Combo Pack For Beginner Adults Childs Starter Bundle Kit,Dual Action Truss Rod, Gigbag, Picks, String Set, String Winder,Strap,Matt Black","₹3,229",7 Day Warranty,"FREE delivery Saturday, 7 October. Order within 11 hrs 5 mins. Details",Only 1 left in stock,https://www.amazon.in/WOODEN-Guitar-Beginner-Adults-Starter/dp/B0C816MJ4Y/ref=sr_1_86?crid=275XQA48GYQN9&keywords=guitar&qid=1696247183&sprefix=guitar%2Caps%2C207&sr=8-86
PS,"PS Signature 41inch Blue Matte Acoustic Guitar (Free 1 set Strings, 3 Picks, Bag & Belt)","₹2,399",7 days Replacement,"FREE delivery Saturday, 7 October. Details
Or fastest delivery Thursday, 5 October. Order within 22 hrs 50 mins. Details",Only 1 left in stock,https://www.amazon.in/PS-Signature-41inch-Acoustic-Strings/dp/B0CH3PFGS7/ref=sr_1_87?crid=275XQA48GYQN9&keywords=guitar&qid=1696247183&sprefix=guitar%2Caps%2C207&sr=8-87
Intern,"Intern INT-38C-NT-G 38 Incheses lindenwood Right HAnded Acoustic Guitar Kit With Bag, Strings, Pick And Strap (Natural, 6-Strings)","₹2,816",7 days Replacement,"FREE delivery Friday, 6 October. Details
Or fastest delivery Thursday, 5 October. Order within 22 hrs 34 mins. Details",In stock,https://www.amazon.in/Intern-INT-38C-NT-G-Guitar-Kit-Natural/dp/B07K9MZZH9/ref=sr_1_88?crid=275XQA48GYQN9&keywords=guitar&qid=1696247183&sprefix=guitar%2Caps%2C207&sr=8-88
INTERN,"INTERN Cutaway Design Acoustic Guitar Pack -Humidity Proof body, Bend resistance, Durable Action, Natural tone & bright resonance. Blue Carbon Fibre/Fiber Guitar with Bag, Strap, Strings set, Picks","₹42,900",1 Year Warranty,"FREE delivery Thursday, 5 October. Details
Or fastest delivery Wednesday, 4 October. Order within 6 hrs 4 mins. Details",In stock,https://www.amazon.in/Cutaway-Acoustic-Humidity-resistance-resonance/dp/B09RRH7R5F/ref=sr_1_89?crid=275XQA48GYQN9&keywords=guitar&qid=1696247183&sprefix=guitar%2Caps%2C207&sr=8-89
Epiphone,Epiphone SG Muse Electric Guitar - Wanderlust Green Metallic,"₹45,799",1 Year Warranty,"FREE delivery Saturday, 7 October. Details
Or fastest delivery Wednesday, 4 October. Order within 6 hrs 3 mins. Details",Only 1 left in stock,https://www.amazon.in/Epiphone-Electric-Inspired-Wanderlust-Metallic/dp/B085NWWCG1/ref=sr_1_90?crid=275XQA48GYQN9&keywords=guitar&qid=1696247183&sprefix=guitar%2Caps%2C207&sr=8-90
Epiphone,Epiphone SG Muse Electric Guitar - Pearl White Metallic,"₹18,091",7 days Replacement,"FREE delivery Wednesday, 4 October. Order within 6 hrs 3 mins. Details",In stock,https://www.amazon.in/Epiphone-String-Electric-Inspired-Metallic/dp/B08BH48B2Y/ref=sr_1_91?crid=275XQA48GYQN9&keywords=guitar&qid=1696247183&sprefix=guitar%2Caps%2C207&sr=8-91
Fender,Fender Acoustic Guitar Dreadnought Solid CD60S Black 970110006,"₹48,800",1 Year Warranty,"FREE delivery Tuesday, 10 October. Details
Or fastest delivery Wednesday, 4 October. Order within 6 hrs 3 mins. Details",In stock,https://www.amazon.in/Fender-Classic-Design-Dreadnought-Acoustic/dp/B07HYS18LJ/ref=sr_1_92?crid=275XQA48GYQN9&keywords=guitar&qid=1696247183&sprefix=guitar%2Caps%2C207&sr=8-92
Epiphone,"Epiphone Les Paul Muse 6 String Right Handed Electric Guitar, Pearl White Metallic","₹2,699",7 days Replacement,"FREE delivery Thursday, 5 October. Details
Or fastest delivery Wednesday, 4 October. Order within 6 hrs 3 mins. Details",In stock,https://www.amazon.in/Epiphone-String-Handed-Electric-Metallic/dp/B0881X3Z4C/ref=sr_1_93?crid=275XQA48GYQN9&keywords=guitar&qid=1696247183&sprefix=guitar%2Caps%2C207&sr=8-93
Medellin,"Medellin 38"" Acoustic Guitar premium wood with adjustable Truss-rod, free online learning course, Set Of Strings, Strap, Bag and 3 Picks",₹649,Amazon Delivered,"₹69 delivery Sunday, 8 October. Order within 11 hrs 2 mins. Details",In stock,https://www.amazon.in/Medellin-Acoustic-adjustable-Truss-rod-learning/dp/B0BRPZMPYN/ref=sr_1_94?crid=275XQA48GYQN9&keywords=guitar&qid=1696247183&sprefix=guitar%2Caps%2C207&sr=8-94
"GT-KIT/003,","GT-KIT/003, Guitar Kit Set Guitar Strings Changing Kit Guitar Tool Kit with 6 Strings, 12 Multicolored Picks, 1 Guitar Capo, 1 String Winder 1 String Cutter, 1 Guitar Tuner for Acoustic Guitars",₹472,Warranty Policy,FREE delivery 30 - 31 October. Details,--,https://www.amazon.in/sspa/click?ie=UTF8&spc=MTozNTI4ODkxNzQ1NTk4NjM5OjE2OTYyNDcxODM6c3BfYnRmOjMwMDA2NTI3MDcyNzUzMjo6MDo6&url=%2FGT-KIT-003-Changing-Multicolored-Acoustic%2Fdp%2FB0C28BNXJW%2Fref%3Dsr_1_95_sspa%3Fcrid%3D275XQA48GYQN9%26keywords%3Dguitar%26qid%3D1696247183%26sprefix%3Dguitar%252Caps%252C207%26sr%3D8-95-spons%26sp_csd%3Dd2lkZ2V0TmFtZT1zcF9idGY%26psc%3D1
BNF,BNF Guitar Bridge Pin Puller Key Chain Silver|Guitar Stand|Guitar|Guitar For Beginners Adults|Guitar For Kids|Guitar String|Guitar Bag|Guitar Picks|Guitar Capo|Guitar Strap|Guitar Accessories| Guitar,"₹5,449",7 days Returnable,"FREE delivery Sunday, 8 October. Details",In stock,https://www.amazon.in/sspa/click?ie=UTF8&spc=MTozNTI4ODkxNzQ1NTk4NjM5OjE2OTYyNDcxODM6c3BfYnRmOjMwMDA1OTE1MzU1NTAzMjo6MDo6&url=%2FGuitar-Bridge-Puller-Beginners-Accessories%2Fdp%2FB0C2CR19MK%2Fref%3Dsr_1_96_sspa%3Fcrid%3D275XQA48GYQN9%26keywords%3Dguitar%26qid%3D1696247183%26sprefix%3Dguitar%252Caps%252C207%26sr%3D8-96-spons%26sp_csd%3Dd2lkZ2V0TmFtZT1zcF9idGY%26psc%3D1
DEVICE,DEVICE OF URBAN INFOTECH 40 inch Acoustic Guitar for Beginners Adults Premium Wood Curved Cutaway Design Acoustic Guitar Kit with Carrying Gig Bag Guitar for Adults Starters Students (Beige),"₹6,999",7 days Replacement,"FREE delivery Monday, 9 October. Order within 16 hrs 46 mins. Details",Only 2 left in stock,https://www.amazon.in/sspa/click?ie=UTF8&spc=MTo4MDE5NTcyMDY1OTQyNjM5OjE2OTYyNDcxODc6c3BfYXRmX25leHQ6MzAwMDQxMjY3NTQ0MjMyOjowOjo&url=%2FDEVICE-URBAN-INFOTECH-Acoustic-Beginners%2Fdp%2FB0CDS672C5%2Fref%3Dsr_1_97_sspa%3Fcrid%3D275XQA48GYQN9%26keywords%3Dguitar%26qid%3D1696247187%26sprefix%3Dguitar%252Caps%252C207%26sr%3D8-97-spons%26sp_csd%3Dd2lkZ2V0TmFtZT1zcF9hdGZfbmV4dA%26psc%3D1
Gibz's,"Gibz's Guitar FT-G41 Frontier Series 41"" Jumbo Semi Acoustic Guitar With Die Cast Keys, Super Combo (Bag, 1 pack Strings, Strap, Picks, Capo (Natural)","₹8,999",15 Day Warranty,"FREE delivery Tuesday, 10 October. Details",In stock,https://www.amazon.in/sspa/click?ie=UTF8&spc=MTo4MDE5NTcyMDY1OTQyNjM5OjE2OTYyNDcxODc6c3BfYXRmX25leHQ6MjAxNjA5NDE4MDg0OTg6OjA6Og&url=%2FGibzs-FT-G41-Frontier-Acoustic-Strings%2Fdp%2FB0BY5DBMVW%2Fref%3Dsr_1_98_sspa%3Fcrid%3D275XQA48GYQN9%26keywords%3Dguitar%26qid%3D1696247187%26sprefix%3Dguitar%252Caps%252C207%26sr%3D8-98-spons%26sp_csd%3Dd2lkZ2V0TmFtZT1zcF9hdGZfbmV4dA%26psc%3D1
GUITAR,"GUITAR BRO - COMBO (Black Acoustic Rose Wood Guitar for Beginner, Guitar Learning Kit, Song Book, Video Lectures, Accessories like Pick, Bag)","₹15,669",7 days Replacement,"FREE delivery Thursday, 5 October. Details
Or fastest delivery Wednesday, 4 October. Order within 6 hrs 1 min. Details",In stock,https://www.amazon.in/sspa/click?ie=UTF8&spc=MTo4MDE5NTcyMDY1OTQyNjM5OjE2OTYyNDcxODc6c3BfYXRmX25leHQ6MjAwNDkxMjkxMzYyMDE6OjA6Og&url=%2FGUITAR-BRO-Acoustic-Beginner-Accessories%2Fdp%2FB07T84GC8L%2Fref%3Dsr_1_99_sspa%3Fcrid%3D275XQA48GYQN9%26keywords%3Dguitar%26qid%3D1696247187%26sprefix%3Dguitar%252Caps%252C207%26sr%3D8-99-spons%26sp_csd%3Dd2lkZ2V0TmFtZT1zcF9hdGZfbmV4dA%26psc%3D1
YAMAHA,"YAMAHA Pacifica012 Electric Guitar, Red Metallic","₹2,199",7 days Replacement,"FREE delivery Saturday, 7 October. Details",In stock,https://www.amazon.in/Yamaha-PAC012-Electric-Guitar-Metallic/dp/B000MLY7XS/ref=sr_1_100?crid=275XQA48GYQN9&keywords=guitar&qid=1696247187&sprefix=guitar%2Caps%2C207&sr=8-100
Intern,Intern INT-38C Acoustic Guitar Kit (Natural),"₹5,105",7 days Replacement,"FREE delivery Sunday, 8 October. Details
Or fastest delivery Thursday, 5 October. Order within 22 hrs 30 mins. Details",In stock,https://www.amazon.in/Intern-INT-38C-Acoustic-Guitar-Natural/dp/B073B4D22T/ref=sr_1_101?crid=275XQA48GYQN9&keywords=guitar&qid=1696247187&sprefix=guitar%2Caps%2C207&sr=8-101
Pluto,Pluto HW39-CL 39-inch Cutaway Left Handed Acoustic Guitar (Natural),"₹7,249",7 days Replacement,"FREE delivery Wednesday, 4 October. Order within 6 hrs. Details",In stock,https://www.amazon.in/Pluto-HW39-CL-39-inch-Cutaway-Acoustic/dp/B07F317RTK/ref=sr_1_102?crid=275XQA48GYQN9&keywords=guitar&qid=1696247187&sprefix=guitar%2Caps%2C207&sr=8-102
Ibanez,"Ibanez MD39C-NT Rose Wood Acoustic Guitar (Natural), Designed in Japan and Made Specially for India","₹2,719",7 days Replacement,"FREE delivery Friday, 6 October. Details
Or fastest delivery Thursday, 5 October. Order within 22 hrs 44 mins. Details",In stock,https://www.amazon.in/Ibanez-IBA-MD39CNT-Acoustic-Guitar-MD39C-NT/dp/B07G4CCMYL/ref=sr_1_103?crid=275XQA48GYQN9&keywords=guitar&qid=1696247187&sprefix=guitar%2Caps%2C207&sr=8-103
Juârez,"Juârez Acoustic Guitar, 38 Inch Cutaway, JRZ38C with Bag, Strings, Pick and Strap, Red","₹17,500",7 days Replacement,"FREE delivery Wednesday, 4 October. Details
Or fastest delivery Tomorrow, 3 October. Order within 19 hrs 29 mins. Details",In stock,https://www.amazon.in/JUAREZ-JRZ38C-Handed-Acoustic-Strings/dp/B01FYYTDW2/ref=sr_1_104?crid=275XQA48GYQN9&keywords=guitar&qid=1696247187&sprefix=guitar%2Caps%2C207&sr=8-104
Fender,Fender Acoustic Guitar Dreadnought Solid CD60S Natural 970110021,"₹7,015",7 days Replacement,"FREE delivery Thursday, 5 October. Details
Or fastest delivery Wednesday, 4 October. Order within 5 hrs 59 mins. Details",In stock,https://www.amazon.in/Fender-60S-Dreadnought-Acoustic-Guitar/dp/B01MRA2W8L/ref=sr_1_105?crid=275XQA48GYQN9&keywords=guitar&qid=1696247187&sprefix=guitar%2Caps%2C207&sr=8-105
JUAREZ,JUAREZ Arpeggio Guitar JRA41SP-Q-BL - blue,"₹13,445",7 days Replacement,"FREE delivery Sunday, 8 October. Details",In stock,https://www.amazon.in/JUAREZ-Arpeggio-Guitar-JRA41SP-Q-BL-blue/dp/B08MWBBGS6/ref=sr_1_106?crid=275XQA48GYQN9&keywords=guitar&qid=1696247187&sprefix=guitar%2Caps%2C207&sr=8-106
Tanglewood,"Tanglewood Crossroads TWCR OE Semi Acoustic Guitar, 6 Strings, Orchestra, Whiskey Barrel Burst Satin Finish","₹2,759",7 days Replacement,"FREE delivery Friday, 6 October. Details
Or fastest delivery Thursday, 5 October. Order within 22 hrs 43 mins. Details",In stock,https://www.amazon.in/Tanglewood-Crossroads-Acoustic-Strings-Orchestra/dp/B01IA2I0BK/ref=sr_1_97?crid=275XQA48GYQN9&keywords=guitar&qid=1696247187&sprefix=guitar%2Caps%2C207&sr=8-97
JUAREZ,"JUAREZ Wood Acoustic Guitar, [Left Handed] 96.52 Cm (38 Inch) Cutaway, 38Cl/Tbls With Bag, Strings, Pick And Strap, Blue Sunburst","₹7,600",7 days Replacement,"FREE delivery Sunday, 8 October. Details",In stock,https://www.amazon.in/Acoustic-Cutaway-TBLS-Strings-Sunburst/dp/B098BCCY75/ref=sr_1_98?crid=275XQA48GYQN9&keywords=guitar&qid=1696247187&sprefix=guitar%2Caps%2C207&sr=8-98
Fender,Fender Squier 39 Inch 6 String Cutaway Acoustic Guitar Hardwood Fretboard-Natural SA-135C,"₹4,199",Amazon Delivered,"FREE delivery Sunday, 8 October. Order within 18 hrs 42 mins. Details",In stock,https://www.amazon.in/Fender-String-Cutaway-Acoustic-Guitar/dp/B07YX5W8MV/ref=sr_1_99?crid=275XQA48GYQN9&keywords=guitar&qid=1696247187&sprefix=guitar%2Caps%2C207&sr=8-99
Givson,"Givson Venus Special Cutaway Rosewood 41 Inch Acoustic Guitar Kit with Bag, Rhythm String Set, Strap and 5 Plectrums, (blue)","₹2,399",7 days Replacement,"FREE delivery Friday, 6 October. Details
Or fastest delivery Thursday, 5 October. Order within 22 hrs 42 mins. Details",In stock,https://www.amazon.in/Special-Cutaway-Rosewood-Acoustic-Plectrums/dp/B09P41RQSQ/ref=sr_1_100?crid=275XQA48GYQN9&keywords=guitar&qid=1696247187&sprefix=guitar%2Caps%2C207&sr=8-100
Intern,"Intern INT-38C-SB-G Linden Wood Cutaway Right Handed Acoustic Guitar Kit, With Bag, Strings, Pick And Strap (Sunburst, 6 Strings)","₹11,499",7 days Replacement,"FREE delivery Wednesday, 4 October. Order within 5 hrs 57 mins. Details",In stock,https://www.amazon.in/Intern-INT-38C-SB-G-Guitar-Kit-Sunburst/dp/B07K8WLPLH/ref=sr_1_101?crid=275XQA48GYQN9&keywords=guitar&qid=1696247187&sprefix=guitar%2Caps%2C207&sr=8-101
Vault,Vault RG1 Soloist Premium Electric Guitar - Transparent Black,"₹48,179",1 Year Warranty,"FREE delivery Tuesday, 10 October. Details
Or fastest delivery Wednesday, 4 October. Order within 5 hrs 56 mins. Details",Only 1 left in stock,https://www.amazon.in/Vault-Soloist-Premium-Electric-Guitar/dp/B09GLZSS95/ref=sr_1_102?crid=275XQA48GYQN9&keywords=guitar&qid=1696247187&sprefix=guitar%2Caps%2C207&sr=8-102
Epiphone,"Epiphone Les Paul Studio 6 String Right Handed Electric Guitar, Inspired by Gibson Series, Ebony","₹5,449",7 days Returnable,"FREE delivery Sunday, 8 October. Details",In stock,https://www.amazon.in/Epiphone-Studio-String-Electric-Inspired/dp/B08463H5Z2/ref=sr_1_103?crid=275XQA48GYQN9&keywords=guitar&qid=1696247187&sprefix=guitar%2Caps%2C207&sr=8-103
DEVICE,DEVICE OF URBAN INFOTECH 40 inch Acoustic Guitar for Beginners Adults Premium Wood Curved Cutaway Design Acoustic Guitar Kit with Carrying Gig Bag Guitar for Adults Starters Students (Blue),"₹5,899",7 days Replacement,"FREE delivery Thursday, 5 October. Details
Or fastest delivery Wednesday, 4 October. Order within 5 hrs 56 mins. Details",In stock,https://www.amazon.in/DEVICE-URBAN-INFOTECH-Acoustic-Beginners/dp/B0CDS4YVKQ/ref=sr_1_104?crid=275XQA48GYQN9&keywords=guitar&qid=1696247187&sprefix=guitar%2Caps%2C207&sr=8-104
Kadence,"Kadence Frontier Series,Black Acoustic Guitar With Die Cast Keys Super Combo (Capo, Bag, strap, strings and 3 picks)","₹11,450",7 days Replacement,"FREE delivery Thursday, 5 October. Details
Or fastest delivery Wednesday, 4 October. Order within 5 hrs 55 mins. Details",In stock,https://www.amazon.in/Kadence-Frontier-Acoustic-Foldable-Strings/dp/B01CJJG882/ref=sr_1_105?crid=275XQA48GYQN9&keywords=guitar&qid=1696247187&sprefix=guitar%2Caps%2C207&sr=8-105
Fender,Fender 971110421 FA-115 Dreadnought pack (Natural),"₹2,759",7 days Replacement,"FREE delivery Friday, 6 October. Details
Or fastest delivery Thursday, 5 October. Order within 22 hrs 40 mins. Details",In stock,https://www.amazon.in/Fender-971110421-FA-115-Dreadnought-Natural/dp/B073SG86SB/ref=sr_1_106?crid=275XQA48GYQN9&keywords=guitar&qid=1696247187&sprefix=guitar%2Caps%2C207&sr=8-106
Juârez,"Juârez Lindenwood Acoustic Guitar, 38 Inches Cutaway, JRZ38C With Bag, Strings, Pick And Strap, Blue","₹8,899",7 days Replacement,"FREE delivery Wednesday, 4 October. Order within 5 hrs 55 mins. Details",In stock,https://www.amazon.in/JUAREZ-JRZ38C-Handed-Acoustic-Strings/dp/B01FYYTDX6/ref=sr_1_107?crid=275XQA48GYQN9&keywords=guitar&qid=1696247187&sprefix=guitar%2Caps%2C207&sr=8-107
Cort,"Cort AF500C Standard Series Open Pore Cutaway Acoustic Guitar with Bajaao Gig-Bag, Polishing Cloth & E-Book Natural","₹2,499",7 days Replacement,"FREE delivery Wednesday, 4 October. Order within 5 hrs 54 mins. Details",In stock,https://www.amazon.in/Cort-AF500C-Gig-Bag-Polishing-Cloth/dp/B0C494C1FV/ref=sr_1_108?crid=275XQA48GYQN9&keywords=guitar&qid=1696247187&sprefix=guitar%2Caps%2C207&sr=8-108
Medellin,"Medellin Acoustic Guitar + (Free online learning Course) Neon Green with Strings,Bag,Picks and guitar strap.","₹2,799",7 days Replacement,"FREE delivery Thursday, 5 October. Details
Or fastest delivery Wednesday, 4 October. Order within 5 hrs 54 mins. Details",In stock,https://www.amazon.in/Medellin-Acoustic-Guitar-learning-Strings/dp/B0CCNS2NDX/ref=sr_1_109?crid=275XQA48GYQN9&keywords=guitar&qid=1696247187&sprefix=guitar%2Caps%2C207&sr=8-109
Medellin,"Medellin 38"" Acoustic Guitar Purple Burst Carbon Fiber body+(Free Online Learning Course) - Durable Matt finish with handrest, strings, strap, bag, 3 Picks, capo, stand.","₹2,749",7 days Replacement,"FREE delivery Saturday, 7 October. Details
Or fastest delivery Thursday, 5 October. Order within 22 hrs 39 mins. Details",In stock,https://www.amazon.in/Medellin-Acoustic-Guitar-Purple-Learning/dp/B09MSGPQ43/ref=sr_1_110?crid=275XQA48GYQN9&keywords=guitar&qid=1696247187&sprefix=guitar%2Caps%2C207&sr=8-110
Juarez,"Juarez Acoustic Guitar, [ LEFT HANDED] 38 Inch Cutaway, 38CL/BK with Bag, Strings, Pick and Strap, Black","₹4,009",7 days Replacement,"FREE delivery Saturday, 7 October. Details
Or fastest delivery Thursday, 5 October. Order within 22 hrs 38 mins. Details",In stock,https://www.amazon.in/Juarez-Acoustic-Cutaway-BK-Strings/dp/B076T3RHMG/ref=sr_1_111?crid=275XQA48GYQN9&keywords=guitar&qid=1696247187&sprefix=guitar%2Caps%2C207&sr=8-111
INTERN,"INTERN 41 inches Acoustic Guitar with truss rod. Includes carry bag, strings pack, strap & plectrums. Premium Wooden durable built, tonal stability & for all age-groups (Refreshing Natural).…","₹10,595",7 days Replacement,"FREE delivery Sunday, 8 October. Details",Only 1 left in stock,https://www.amazon.in/Acoustic-plectrums-stability-age-groups-Refreshing/dp/B09YH89RVZ/ref=sr_1_112?crid=275XQA48GYQN9&keywords=guitar&qid=1696247187&sprefix=guitar%2Caps%2C207&sr=8-112
YAMAHA,"YAMAHA F310-TBS Right Handed Spruce, Back/Side/Rib, Meranti Acoustic Guitar (Tobacco Sunburst, 6-Strings)","₹62,529",1 Year Warranty,"FREE delivery Thursday, 5 October. Details
Or fastest delivery Wednesday, 4 October. Order within 5 hrs 53 mins. Details",Only 1 left in stock,https://www.amazon.in/Yamaha-6-String-Acoustic-Right-Handed-Sunburst/dp/B000WITGQO/ref=sr_1_113?crid=275XQA48GYQN9&keywords=guitar&qid=1696247187&sprefix=guitar%2Caps%2C207&sr=8-113
Fender,Fender 0379410502 (40th Anniversary Stratocaster Electric Guitar Gold Edition Lake Placid Blue),"₹4,084",7 days Replacement,"FREE delivery Wednesday, 4 October. Order within 5 hrs 52 mins. Details",In stock,https://www.amazon.in/Fender-0379410502-Anniversary-Stratocaster-Electric/dp/B09RX4BQPX/ref=sr_1_114?crid=275XQA48GYQN9&keywords=guitar&qid=1696247187&sprefix=guitar%2Caps%2C207&sr=8-114
Vault,"Vault Traveller 34 Inch Acoustic Guitar With Truss Rod, Gig-Bag, Strap, Strings, Polishing Cloth, String Winder, Picks & E-Book - Natural Gloss","₹85,000",Amazon Delivered,"FREE delivery Saturday, 7 October. Details
Or fastest delivery Thursday, 5 October. Order within 19 hrs 22 mins. Details",Only 1 left in stock,https://www.amazon.in/Traveller-Acoustic-Guitar-Strings-Polishing/dp/B07RK9962M/ref=sr_1_115?crid=275XQA48GYQN9&keywords=guitar&qid=1696247187&sprefix=guitar%2Caps%2C207&sr=8-115
Schecter,Schecter Nick Johnston Traditional H/S/S Electric Guitar - Ebony/Atomic Green - 1540,"₹2,495",7 days Replacement,"FREE delivery Sunday, 8 October. Details",Only 2 left in stock,https://www.amazon.in/Schecter-Johnston-Traditional-Electric-Guitar/dp/B084G98Y24/ref=sr_1_116?crid=275XQA48GYQN9&keywords=guitar&qid=1696247187&sprefix=guitar%2Caps%2C207&sr=8-116
"Blueberry,","Blueberry, VIP-382, 38Inch Cutaway Acoustic Guitar With Bag, Belt, String Sets And 2 Picks","₹4,169",7 days Replacement,"FREE delivery Friday, 6 October. Details
Or fastest delivery Thursday, 5 October. Order within 22 hrs 37 mins. Details",In stock,https://www.amazon.in/Blueberry-VIP-382-38Inch-Cutaway-Acoustic/dp/B0BVVB1NNX/ref=sr_1_117?crid=275XQA48GYQN9&keywords=guitar&qid=1696247187&sprefix=guitar%2Caps%2C207&sr=8-117
JUAREZ,"JUAREZ Fiésta 41 Inch Acoustic Guitar with Dual Action Truss Rod, 21 Frets Rosewood Fretboard & Bridge, Padded 5mm Cotton Bag, Cotton Strap, 2 Picks, Allen Key, Extra String Set, Natural","₹4,169",Top Brand,"FREE delivery Friday, 6 October. Details
Or fastest delivery Thursday, 5 October. Order within 22 hrs 36 mins. Details",In stock,https://www.amazon.in/JUAREZ-Acoustic-Rosewood-Fretboard-Natural/dp/B08GZZX16R/ref=sr_1_118?crid=275XQA48GYQN9&keywords=guitar&qid=1696247187&sprefix=guitar%2Caps%2C207&sr=8-118
Yamaha,Yamaha PACIFICA012 Electric Guitar - Black,"₹5,999",7 days Replacement,"FREE delivery Thursday, 5 October. Details
Or fastest delivery Wednesday, 4 October. Order within 5 hrs 51 mins. Details",In stock,https://www.amazon.in/Yamaha-Pacifica-PAC012-Electric-Guitar/dp/B00123DQT6/ref=sr_1_119?crid=275XQA48GYQN9&keywords=guitar&qid=1696247187&sprefix=guitar%2Caps%2C207&sr=8-119
JUAREZ,"JUAREZ Fiésta 41 Inch Acoustic Guitar Cutaway with Dual Action Truss Rod, 21 Frets Rosewood Fretboard & Bridge, Padded 5mm Cotton Bag, Cotton Strap, 2 Picks, Allen Key, Extra String Set, Black","₹5,999",7 days Replacement,"FREE delivery Wednesday, 4 October. Order within 5 hrs 50 mins. Details",In stock,https://www.amazon.in/JUAREZ-Acoustic-Cutaway-Rosewood-Fretboard/dp/B08GZZ6SQ2/ref=sr_1_120?crid=275XQA48GYQN9&keywords=guitar&qid=1696247187&sprefix=guitar%2Caps%2C207&sr=8-120
Kadence,"Kadence Frontier Series Semi Acoustic Guitar With Die Cast Keys Natural Super Combo, Capo, Bag, strap, strings and 3 picks)","₹31,709",7 days Replacement,"FREE delivery Saturday, 7 October. Order within 13 hrs 35 mins. Details",Only 1 left in stock,https://www.amazon.in/Kadence-Frontier-Acoustic-Equalizer-Foldable/dp/B01I50UMPO/ref=sr_1_121?crid=275XQA48GYQN9&keywords=guitar&qid=1696247187&sprefix=guitar%2Caps%2C207&sr=8-121
Kadence,Kadence GenZ Guitar (with Guitar learning course) Acoustic Guitar with Die Cast Keys and Bag (Pink),"₹21,999",1 Year Warranty,"FREE delivery Monday, 9 October. Details",Only 1 left in stock,https://www.amazon.in/Kadence-Guitar-learning-course-Acoustic/dp/B0CD4C26LD/ref=sr_1_122?crid=275XQA48GYQN9&keywords=guitar&qid=1696247187&sprefix=guitar%2Caps%2C207&sr=8-122
Fender,Fender Acoustic Guitar Auditorium Cutaway Electronics FA345CE 3-Tone Tea Burst 971343064,"₹54,425",7 days Replacement,"FREE delivery Friday, 6 October. Order within 21 hrs 4 mins. Details",Only 1 left in stock,https://www.amazon.in/Fender-FA-345CE-Auditorium-Bodied-Acoustic/dp/B07BCN55VP/ref=sr_1_123?crid=275XQA48GYQN9&keywords=guitar&qid=1696247187&sprefix=guitar%2Caps%2C207&sr=8-123
SAHAJ,SAHAJ ENTERPRISES 4 String Acoustic Décor Guitar Children's Educational Musical Instrument Child Learning Random Brown Best Gift 24 Inch Kids Keep Tone Picks Strap Ability Beginner Sound (Guitar),"₹8,235",1 Year Warranty,"FREE delivery Sunday, 8 October. Details",In stock,https://www.amazon.in/ENTERPRISES-Acoustic-D%C3%A9cor-Guitar-Educational/dp/B0BZ8Q7CT6/ref=sr_1_124?crid=275XQA48GYQN9&keywords=guitar&qid=1696247187&sprefix=guitar%2Caps%2C207&sr=8-124
Yamaha,"Yamaha FS800 Small Body Solid Top Acoustic Guitar, Natural","₹7,990",7 days Replacement,"FREE delivery Sunday, 8 October. Details",In stock,https://www.amazon.in/Yamaha-FS800-Acoustic-Guitar-Natural/dp/B01C931H4S/ref=sr_1_125?crid=275XQA48GYQN9&keywords=guitar&qid=1696247187&sprefix=guitar%2Caps%2C207&sr=8-125
Martin,Martin LX1E Little Martin Solid Sitka Spruce/Mahogany HPL Acoustic/Electric w/Gig Bag,"₹2,759",7 days Replacement,"FREE delivery Friday, 6 October. Details
Or fastest delivery Thursday, 5 October. Order within 22 hrs 18 mins. Details",In stock,https://www.amazon.in/LX1E-Acoustic-Sonitone-electronics-Modified/dp/B001CM7U5I/ref=sr_1_126?crid=275XQA48GYQN9&keywords=guitar&qid=1696247187&sprefix=guitar%2Caps%2C207&sr=8-126
Saga,Saga SF-600C-NAT Dreadnought Cutaway Acoustic Guitar (Natural),"₹4,009",7 days Replacement,"FREE delivery Friday, 6 October. Details
Or fastest delivery Thursday, 5 October. Order within 22 hrs 33 mins. Details",In stock,https://www.amazon.in/SF-600C-NAT-Dreadnought-Cutaway-Acoustic-Natural/dp/B0B1HX47XR/ref=sr_1_127?crid=275XQA48GYQN9&keywords=guitar&qid=1696247187&sprefix=guitar%2Caps%2C207&sr=8-127
Yamaha,Yamaha C-40 Fullsized Classic Guitar With Gloss Finish,₹799,7 days Replacement,"FREE delivery Thursday, 5 October. Details
Or fastest delivery Wednesday, 4 October. Order within 5 hrs 47 mins. Details",In stock,https://www.amazon.in/Yamaha-Fullsized-Classic-Guitar-Finish/dp/B005B6EZ36/ref=sr_1_128?crid=275XQA48GYQN9&keywords=guitar&qid=1696247187&sprefix=guitar%2Caps%2C207&sr=8-128
Juarez,"Juarez Wood Acoustic Guitar, [LEFT HANDED] 96.52 cm (38 Inch) Cutaway, 38CL/3TS with Bag, Strings, Pick and Strap, 3TS Sunburst","₹12,999",7 days Replacement,"FREE delivery Thursday, 5 October. Details
Or fastest delivery Wednesday, 4 October. Order within 5 hrs 47 mins. Details",In stock,https://www.amazon.in/Acoustic-Cutaway-3TS-Strings-Sunburst/dp/B098BD1MHM/ref=sr_1_129?crid=275XQA48GYQN9&keywords=guitar&qid=1696247187&sprefix=guitar%2Caps%2C207&sr=8-129
INTERN,"INTERN 41 inches Acoustic Guitar with truss rod. Includes carry bag, strings pack, strap & plectrums. Premium Wooden durable built, tonal stability & for all age-groups(Electric Blue).","₹7,015",7 days Returnable,"FREE delivery Thursday, 5 October. Details
Or fastest delivery Wednesday, 4 October. Order within 5 hrs 47 mins. Details",In stock,https://www.amazon.in/Acoustic-plectrums-stability-age-groups-Electric/dp/B09YH8JRZH/ref=sr_1_130?crid=275XQA48GYQN9&keywords=guitar&qid=1696247187&sprefix=guitar%2Caps%2C207&sr=8-130
D'Addario,"D'Addario EZ900 Acoustic Guitar Strings, Pack of 2","₹3,799",7 days Replacement,"FREE delivery Wednesday, 4 October. Order within 5 hrs 46 mins. Details",In stock,https://www.amazon.in/DAddario-EZ900-Acoustic-Guitar-Strings/dp/B016BPK3QI/ref=sr_1_131?crid=275XQA48GYQN9&keywords=guitar&qid=1696247187&sprefix=guitar%2Caps%2C207&sr=8-131
Kadence,Kadence 12 strings Slowhand Premium Mahogany wood Semi Acoustic Guitar KSH03-12EQ,"₹3,419",7 days Replacement,"FREE delivery Saturday, 7 October. Order within 10 hrs 46 mins. Details",In stock,https://www.amazon.in/Kadence-Slowhand-Mahogany-Acoustic-KSH03-12EQ/dp/B0CGDDPVKK/ref=sr_1_132?crid=275XQA48GYQN9&keywords=guitar&qid=1696247187&sprefix=guitar%2Caps%2C207&sr=8-132
JUAREZ,"JUAREZ Arpeggio Guitar JRA39SR-BL-K, blue","₹11,919",7 Day Warranty,"FREE delivery Friday, 6 October. Details
Or fastest delivery Thursday, 5 October. Order within 22 hrs 16 mins. Details",In stock,https://www.amazon.in/JUAREZ-Arpeggio-Guitar-JRA39SR-BL-K-blue/dp/B08MWB5Y67/ref=sr_1_133?crid=275XQA48GYQN9&keywords=guitar&qid=1696247187&sprefix=guitar%2Caps%2C207&sr=8-133
Vault,"Vault Junior 30 Inch Acoustic Guitar for Kids with Truss Rod, Gig-Bag, Strings, Straps, Picks, String winder, Polishing Cloth & E-Book - Natural Gloss","₹6,299",7 days Replacement,"FREE delivery Friday, 6 October. Details
Or fastest delivery Thursday, 5 October. Order within 22 hrs 30 mins. Details",In stock,https://www.amazon.in/Junior-Acoustic-Guitar-Strings-Polishing/dp/B07RMJ88G2/ref=sr_1_134?crid=275XQA48GYQN9&keywords=guitar&qid=1696247187&sprefix=guitar%2Caps%2C207&sr=8-134
